feature_id,n_active,best_concept,best_precision,best_lift,mcs_smarts,mcs_size,top_smiles
1270,5885,chiral_center,1.0,1.0029084344599337,[#6]-[#6]-[#6],3,C[C@H]([NH2+]Cc1cc[nH]c1)c1ccc(C#N)cc1 | C[C@H]([NH2+]C[C@H](O)CN1CCN(C)CC1)[C@H](C)n1cccn1 | N[C@H](CC1CCCC1)[C@@H]1C[NH+]2CCN1CC2 | CC[C@H]([NH3+])Cc1ccnc([C@H]2CN(CC)CCO2)n1 | C[C@H]([NH2+]CC1([C@H](O)c2ccccc2)CC1)c1nc2ccccc2s1
1940,6919,ring_S,1.0,6.093102607847917,"[#6](-,:[#6]:,-[#6]:,-[#6])-,:[#6]",5,CO[C@@H]1CCCN(C(=O)Nc2nnc(C)s2)C1 | CC[C@](C)([C@H]([NH3+])Cc1ccc(Cl)s1)N1CCCCC1 | CO[C@@H]1CCCN(C(=O)Nc2ccc(C)s2)C1 | C[NH+](C)[C@H](CNCc1cnc(-c2ccccc2)s1)c1cccs1 | CC1(CNC(=O)CNS(=O)(=O)c2ccc(Cl)s2)CCCC1
1922,5255,ring_O,1.0,3.935148748622698,"[#6]-,:[#6]-,:[#6]-,:[#7]-,:[#6]",5,Cc1ccc(CNCc2ccc([O-])c[nH+]2)o1 | CCc1ccc([C@H](O)Cc2nccn2CC)o1 | CC[C@@H](NC)c1nnc(C[C@H](C)COC)o1 | CC(C)n1nccc1-c1nnc(NC(=O)c2ccc3c(c2)OCCO3)o1 | O=C([O-])c1ccc(CNC(=O)[C@H]2CCCOC2)o1
1505,3697,ring_N,1.0,1.267941370391033,"[#6]-,:[#7]-,:[#6]-,:[#6]:,-[#6]:[#7]",6,CCC[NH2+]Cc1cnn([C@H](C)CC)c1C(F)(F)F | CC[NH2+]Cc1cnn([C@@H](C)CC)c1C(F)F | CCC[NH2+]Cc1cnn(-c2ccc(F)cc2C)c1CC | C[C@@H](NC(=O)N1CCCC[C@@H]([NH+]2CCCC2)C1)c1cnn(C)c1 | C[NH2+]Cc1cnn(-c2cccc(C)c2)c1C(F)(F)F
333,8233,aromatic_ring_any,1.0,1.0762872395384881,"[#6](-,:[#6]-,:[#6])-,:[#6]-,:[#6]",5,COC(=O)c1c(F)cccc1NC(=O)CCc1cnn(C)c1C | COC(=O)[C@H](C)NC(=O)N1CCc2cn(C)c3cccc(c23)C1 | N#CCOc1cc(F)ccc1NC(=O)N1CCc2c([nH]c3ccccc23)C1 | Cc1nc[nH]c1-c1[nH+]ccn1CCc1scnc1C | CC(C)[C@H](C(=O)NCc1nccn1CCc1ccccc1)N(C)C
147,5888,ether,0.85,1.8090495041076065,"[#6]-,:[#6]-,:[#6]-,:[#6]",4,COC(=O)CNC(=O)[C@@H](C)[NH+](C)Cc1nc2ccccc2n1C | CC(=O)NCCCOC(=O)[C@@H]1CCOc2ccccc21 | COC(=O)CNC(=O)[C@@H](C)[NH+]1CCc2n[nH]cc2C1 | COCCNC(=O)CNC(=O)Nc1ccccc1Cc1ccccc1 | COC(=O)CCCCCNC(=O)C1(O)Cc2ccccc2C1
916,8486,aliphatic_ring,1.0,1.573960399156357,"[#6](-,:[#6]-,:[#6]-,:[#6]-,:[#6]):,-[#7]:,-[#6]",7,COc1ccc(-c2cnc3ncnn3c2N2CCN(C(=O)Nc3ccccc3C)CC2)cc1OC | Cn1cc(C(N)=O)c(CC2CCN(C(=O)CCCOc3cccc(F)c3)CC2)n1 | CC(C)CNC(=O)c1cn(C2CCN(C(=O)c3ccccc3F)CC2)nn1 | Cc1cnc2c(S(=O)(=O)N3CCN(C4CCCC4)CC3)cccc2c1 | CCc1ccc([C@@H](CNC(=O)C2CCN(C(=O)c3cccs3)CC2)[NH+](C)C)cc1
2647,3128,aromatic_ring_any,1.0,1.0762872395384881,"[#7]-,:[#6]-,:[#6]:,-[#6]:,-[#6]",5,[NH3+][C@H](Cc1cc(F)cc(F)c1)[C@H]1CCCc2cccnc21 | N[C@@H]([C@@H]1Cc2ccccc21)[C@@H]1CCCc2cccnc21 | [NH3+][C@H](Cc1ccc(Br)cc1)[C@@H]1CCCc2cccnc21 | CCn1c(C(=O)Nc2ccc(S(=O)(=O)Nc3nccs3)cc2)cc2sccc21 | CNC(=O)NCC(=O)N1C[C@@H](C)C[NH+](C)c2ccccc21
1515,8028,nitrile,0.9,21.551724137931036,"[#6]-,:[#6]:,-[#6]:,-[#6]",4,Cn1ccnc(NC(=O)C2(C#N)CCCC2)c1=O | CC1(C(=O)Nc2ccc(C#CCN)cc2)CCCC1 | CSc1nc(NCc2ccco2)c(C#N)c(-c2ccc(C)cc2)n1 | CS(=O)(=O)NCCNCc1cc(C#N)cs1 | C#CCN(CC(=O)NC1(C#N)CCCC1)Cc1ccc(F)cc1
2860,5398,sulfonyl,0.7,7.340604026845637,"[#6]-,:[#6]-,:[#7]-,:[#6]-,:[#6]",5,CC1CC[NH+](C[C@H](O)C[N-]S(N)(=O)=O)CC1 | CCC[NH2+]C1CCC(N2C[C@@H](C)CS2(=O)=O)CC1 | CC[C@@H](Oc1ccccc1C)C(=O)NCc1ccc([S@@](C)=O)cc1 | COc1cc2oc(C)c(C)c2cc1/C(C)=C/C(=O)NCCc1ccc(S(N)(=O)=O)cc1 | C[C@H](Cn1cc[nH+]c1)NC(=O)N[C@@H](C)c1ccc(S(C)(=O)=O)cc1
3003,6698,aromatic_ring_any,1.0,1.0762872395384881,"[#6]-[#6](-,:[#6]-,:[#6])-,:[#7]-,:[#6](-,:[#6])-[#6]",8,CCN(CC)C(=O)[C@H](C)[NH2+][C@H](c1ccccc1)c1ccco1 | Cc1cccc(NC(=O)[C@H](C)[NH2+][C@@H](C)C(C)C)c1 | COC(=O)[C@H](CC(C)C)[NH2+][C@H](C)c1ccoc1 | CNC(=O)[C@@H](CC(C)C)[NH2+][C@H](C)c1nc2c(s1)CCCC2 | COc1ccc(NC(=O)[C@@H](C)[NH2+][C@@H](c2ccc(C)cc2)C2CC2)cc1
3010,3244,benzene,1.0,1.3610997686130393,[#6]1:[#6]:[#6]:[#6]:[#6]:[#6]:1,6,COc1ccccc1CCNC(=O)Cc1ccc(Cl)cc1Cl | Nc1ccccc1CCCNC(=O)Nc1ccc(Cl)cc1 | CCOc1ccccc1CCNC(=O)C1(O)Cc2ccccc2C1 | COCCOc1ccccc1COC(=O)CCc1nc(C)no1 | Cc1ccccc1CCNC(=O)CSc1nc(-c2ccccc2F)n[nH]1
2469,8157,ether,0.8,1.7026348273953944,[#6]1:[#6]:[#6]:[#6]:[#6]:[#6]:1,6,Cc1ccc(SCCNC(=O)N[C@@H]2CC[C@H]([NH+](C)C)C2)cc1 | COc1ccc(O[C@H](C)CNC(=O)c2cc(F)c(F)cc2Cl)cc1 | COc1ccc(S(N)(=O)=O)cc1NC(=O)c1cc2c(s1)CCC2 | CCc1ccc(OC[C@@H](O)CN2CCNC(=O)C2)cc1 | Cc1ccc(O[C@@H](C)CNC(=O)c2c(F)cccc2Cl)cc1
263,1772,nitrile,0.95,22.74904214559387,"[#6]-,:[#6]-,:[#6]-,:[#6]-,:[#6]",5,N#C[C@@H](C(=O)Cc1csc(-c2cnccn2)n1)c1ccc(F)cn1 | N#C[C@@H](c1ccccc1)[C@H]1CCCN1Cc1cc(=O)c([O-])co1 | C#C[C@H]1CN2CC[C@@H]1C[C@@H]2CNC(=O)c1ccc(-c2ccccc2)cc1 | N#C[C@H](OC(=O)c1csc(-c2ccc(Cl)cc2Cl)n1)C1CC1 | N#C[C@@H](C(=O)c1cccc(NC(=O)[C@H]2CCCO2)c1)c1ccc(F)cn1
1261,5724,ring_N,1.0,1.267941370391033,"[#6]-,:[#6]-,:[#7](:,-[#6]):,-[#6]",5,CCC(=O)Cn1c(SCCOc2ccccc2Cl)nc2ccccc21 | COCCCNC(=O)Cn1c(CNC(=O)c2ccco2)[nH+]c2ccccc21 | NC(=O)Cn1c(-c2nonc2N)nc2ccccc21 | CCNC(=O)Cn1c(N)[nH+]c2c(C)nn(C)c21 | CCOC(=O)Cn1c2ccccc2c(=O)c2cc(F)ccc21
1238,4758,benzene,1.0,1.3610997686130393,"[#6](-,:[#6]:[#6]:,-[#6]:,-[#6]:,-[#6]):,-[#7]:,-[#6]",8,COc1ccc(-c2nnc(SCC(=O)N3C[C@@H](C)C[C@H](C)C3)n2CCc2ccccc2)cc1 | COc1ccc(-c2cc(NC(=O)COc3ccc(F)cc3)n(-c3ccccn3)n2)cc1OC | Cc1ccc(-c2csc(NC(=O)[C@@H](C)n3c(=O)cc(C)c4cc(C)cc(C)c43)c2C(N)=O)cc1 | COc1ccc(-c2nc(CN3C[C@H](O)[C@@H](N(C)C)C3)c(C)o2)c2ccccc12 | COc1ccc(-c2csc(NC(=O)Cc3nc4nc(C)cc(C)n4n3)n2)cc1F
2100,3684,ring_N,1.0,1.267941370391033,"[#6]-,:[#6]-,:[#6]-,:[#6]-,:[#6]",5,O=C(NCc1ccc(F)c(Cl)c1)c1cn2c([nH+]1)CCCC2 | COCCOCCCNC(=O)NCc1cn2c(C)cccc2[nH+]1 | O=C(N[C@H](CO)c1ccco1)c1cn[nH]c1-c1c(F)cccc1F | O=C(NC[C@H](O)c1ccncc1)Nc1cn[nH]c1-c1ccccn1 | CN(CCCOc1ccc(F)cc1)S(=O)(=O)c1cn(C)cn1
658,5009,aromatic_ring_any,1.0,1.0762872395384881,"[#6]-,:[#6]-,:[#6](:,-[#6]):,-[#6]",5,Cc1cc([C@H](O)[C@H]2CCCCN2)c(F)cc1F | CCc1ccc([C@@](C)(O)[C@](C)(C#N)CC)cc1 | Cn1cc([C@@](C)(O)CNC(=O)NC[C@H]2CCC(C)(C)c3ccccc32)cn1 | COc1ccc([C@H](O)[C@H](C)NC(=O)Nc2ccccc2N(C)C)cc1 | CCc1ccc([C@@](C)(O)[C@@]2(C[NH3+])CC[C@H](C)C2)cc1
2730,5040,ether,1.0,2.128293534244243,"[#6]-,:[#6]-[#6]-,:[#7]-,:[#6]",5,CC1CN([C@@H]2COC[C@]2(C)C(=O)[O-])C1 | CCC[NH2+][C@H](COC(C)C)[C@@H]1C[NH+](CC)CCO1 | CC[NH2+][C@H](COC(C)C)Cc1ccc(F)cc1 | CCC[NH2+][C@H](COC(C)C)c1ncccn1 | CCC[NH2+][C@H](COC(C)C)Cc1cc(C)cc(C)c1
2922,3082,benzene,0.95,1.2930447801823872,"[#6]-,:[#6]:,-[#6]:,-[#6]:[#6]-,:[#6]-,:[#7]",7,Cc1cc(F)ccc1-c1ccc(CN2CCN3C(=O)NC[C@H]3C2)o1 | Clc1cc(Br)ccc1-n1c(-c2ccccc2)nc2nc3ccccc3nc21 | Cc1ccccc1-c1cccc(CNCCc2nc(-c3ccco3)n[nH]2)c1 | COc1ccc(Br)cc1-c1nc(-c2ccc3c(c2)CC(=O)N3)cs1 | COc1ccccc1-c1ccc2nnc(SCC(=O)N3CCCC3)n2n1
3024,9944,ether,0.7,1.48980547397097,"[#6]:,-[#6]-,:[#6]-,:[#6]-,:[#7]-,:[#6]-,:[#6]",7,COc1cccc(C(=O)N(CCCn2cc[nH+]c2)c2nc3c(OC)ccc(Cl)c3s2)c1 | Cc1ccc(C(=O)NCCCN2CC[NH2+]CC2)cc1O | COc1cccc(C(=O)N[C@H](C)C(=O)N=c2[nH]c3ccccc3[nH]2)c1 | Cc1cc(C(=O)N(Cc2ccccn2)c2nc3c(F)cccc3s2)n(C(C)C)n1 | COc1ccc(C(=O)N2CCO[C@@H](c3ccc(F)c(Cl)c3)C2)c(O)c1
1205,3913,aromatic_ring_any,1.0,1.0762872395384881,"[#6]-,:[#6]-,:[#6]-,:[#6]-,:[#6]-,:[#6]-,:[#6]",7,Cc1cccc(N(CCC(N)=O)Cc2cc(=O)n(C)c(=O)n2C)c1 | Cc1cccc(CN(Cc2cccc(C)[nH+]2)C(=O)NCC(C)(C)CC(C)C)n1 | COc1cccc(CCCNC(=O)N[C@H](C)C2CCOCC2)c1 | Cc1cccc(NC(=O)N(C)Cc2cc(=O)[nH]c3ccccc23)c1 | COc1cccc(OC[C@@H](O)C[NH+]2C(C)(C)CC(O)CC2(C)C)c1
2086,3305,aromatic_ring_any,1.0,1.0762872395384881,"[#6]:,-[#6]-,:[#6]-,:[#7]",4,CCC(CC)[C@@](C)([NH3+])c1ccccc1Br | Cn1ccc(C(=O)NCCC[NH3+])n1 | CCOC(=O)C[C@@](C)([NH3+])c1ccccc1F | CCc1ccc(C[C@](C)([NH3+])c2ccccc2)nc1 | COC(C)(C)[C@H]([NH3+])c1cncc2ccccc12
302,4469,halogen_any,0.7,2.121855107608366,[#6]1:[#6]:[#6]:[#6]:[#6]:[#6]:1,6,Cc1cc(F)cc2c(N(C)CC[NH+](C)C)c(C#N)cnc12 | COc1cc(OC)c(NC(=O)NC[C@](C)(O)c2ccccc2)cc1F | COc1cc(OC)c(CNCc2ccc([S@](C)=O)cc2)c(OC)c1 | COc1ccc(OC)c(CN2CCN(C[C@H](O)COc3ccc(CC#N)cc3)CC2)c1 | COc1cc(OC)c(NS(=O)(=O)c2ccc(Br)s2)cc1Cl
310,3727,alcohol,1.0,10.264832683227263,"[#6]-,:[#7]-,:[#6]-,:[#6]-,:[#6]-,:[#6]-,:[#6]",7,C[C@@H](NCC1(CO)COC1)c1ccc(F)cc1 | Cc1cc(NCCNCc2ccc(CO)o2)n2ncnc2n1 | O=C(CC[NH+]1CCC(CO)CC1)Nc1ccc(F)cc1 | CCCCOCCCNC(=O)N1CCC(CO)CC1 | CCO[C@@H]1C[C@H](NC(=O)NCc2cccc(CO)c2)C12CCCCC2
2757,3942,ring_N,1.0,1.267941370391033,"[#6]-,:[#6]:,-[#6]:,-[#6]",4,CC(=O)Nc1nnc(SCc2cc(C)nc3ccccc23)s1 | CCC(=O)Nc1nnc(SCCc2ccccc2)s1 | CSc1[nH+]c(-c2ccccc2)cn1Cc1nnc(C(C)C)o1 | CC(=O)NCCCSc1nnc(-c2sc(C)nc2C)o1 | COc1cc(-c2nnc(C[NH+]3CCC[C@H](C)[C@H]3C)o2)cc(OC)c1OC
182,3695,alkene,0.9,22.43270189431705,"[#6](:,-[#6]:,-[#6]):,-[#6]:,-[#6]",5,CC/C(=C\c1ccncc1)CN | N/C(=N\c1ccccc1)Nc1nc2ccsc2c(=O)[nH]1 | C/C(=C/c1ccccc1)CNCCN1CCOCC1 | CC/C(=C\c1cnc2ccccc2n1)CO | CC/C(=C\c1ccc(-c2cccc(Cl)c2)s1)C[NH2+]C
697,2792,chiral_center,1.0,1.0029084344599337,"[#7]-,:[#6]-,:[#6]-,:[#6]-,:[#6]-,:[#6]",6,[NH3+][C@H](Cc1cnc[nH]1)c1nnc2ccncn12 | [NH3+][C@H]1CCCN(C(=O)c2csc(I)c2)C1 | [NH3+][C@@H]1CCCN(c2ccc3nnnn3n2)C1 | [NH3+][C@@H]1C/C(=C\c2ccccc2)c2n[n-]c(C(F)(F)F)c2C1 | [NH3+][C@@H](Cc1cccc(F)c1)c1cccc(F)c1
1461,6257,ring_N,1.0,1.267941370391033,"[#6]-,:[#6]-,:[#7]-,:[#6]-,:[#6]:,-[#6]",6,CCOc1ccccc1-n1cnc(C#N)c1N | CC[NH2+]Cc1cnc([C@@H](C)OC)nc1 | CCNS(=O)(=O)[C@H]1CCN(C(=O)c2cnc(C)nc2CC)C1 | CCc1ccc(Nc2[nH+]cnc(NCCOC)c2N)cc1 | COCCC[NH+](C)CC[NH2+][C@H](C)c1cnc(C)s1
495,3732,ring_S,1.0,6.093102607847917,"[#6]:,-[#7]:,-[#6]-,:[#6]-,:[#6]",5,O=C(Nc1ccc(F)cc1)Nc1nc(-c2ccc3c(c2)CCCC3)cs1 | CCO[C@@H](C)c1nc(CN(C)C(=O)c2cccc3c2OCO3)cs1 | CC(=O)Nc1nc(C(=O)NC[C@H](c2ccco2)[NH+]2CCCC2)cs1 | Cn1cc(-c2nc(C(=O)N3CCC[C@H](C(N)=O)C3)cs2)cn1 | Cc1cc(Cl)ccc1O[C@H](C)C(=O)Nc1nc(CN2CCOCC2)cs1
2739,4255,amine_tertiary,0.8,5.556327267676067,"[#6]-,:[#6]-,:[#8]-,:[#6]-,:[#6]",5,Cc1ccccc1OCCNC(=O)N1CCCC[C@@H]1CN1CCOCC1 | Cc1ccc(CCCC(=O)N2CCC[C@H]2CN2CCOCC2)cc1 | COc1ccc(OC)c([C@H](C)[NH2+]CCCOC2CCOCC2)c1 | O=C(Cn1cccc1C(=O)[O-])NCCCN1CCOCC1 | Cn1cc(CNC(=O)N2CCCC[C@H]2CN2CCOCC2)cn1
1666,4694,alcohol,0.7,7.185382878259084,"[#6]-,:[#6]-,:[#7]-,:[#6]-,:[#6]-,:[#6]",6,COCc1cc(CN2CC[NH+](Cc3cccs3)[C@@H](CCO)C2)ccc1OC | [O-]c1cc(C[NH+]2CCCC[C@@H]2CCO)nc2ccc(F)cc12 | O=C(C[NH+](CCO)C1CC1)Nc1ccc(Br)cc1Cl | COc1cc(C[NH+](CCO)CCCO)cc(Br)c1O | CC1(C)OC(C)(C)[C@H](CN(CCO)CCO)[C@H]1[NH3+]
83,5383,ether,0.75,1.5962201506831821,"[#6]-,:[#6]:,-[#6]:[#6]:,-[#6]-,:[#6]-[#6]",7,COc1ccc([C@@H](O)C[C@H]2CCCN(S(C)(=O)=O)C2)cc1 | COc1ccc([C@@H](O)CNCc2cccc3cn[nH]c23)cc1OC | CSc1ccc([C@H](C)NC[C@H]2CCCN2S(C)(=O)=O)cc1 | COc1ccc([C@@H](O)CN2CCOCC2=O)c(OC)c1 | COc1ccc([C@@H](O)CNCc2cccc(F)c2)cc1
2542,3267,aliphatic_ring,1.0,1.573960399156357,"[#6](-,:[#7]-,:[#6]-[#6]-,:[#6])-,:[#6]:,-[#6]:,-[#6]:,-[#6]",9,C[C@H]([NH2+][C@@H]1CCCC[C@@H]1C)C(=O)NC1CC[NH+](Cc2ccccc2)CC1 | CC[C@@H]([NH2+][C@@H]1CCc2n[nH]cc2C1)c1c(C)[nH+]n(C)c1C | C[C@H]([NH2+][C@@H]1C[C@H](C)N(C)C1)[C@H](O)c1ccc(F)c(F)c1 | C[C@@H]([NH2+][C@@H]1CCc2cc3c(cc21)OCCO3)[C@@H](O)c1ccc(Cl)cc1 | C[C@@H]([NH2+][C@H]1CCN(c2cccc[nH+]2)C1)c1ccc([N-]S(C)(=O)=O)cc1
2597,2292,chiral_center,1.0,1.0029084344599337,"[#6]-,:[#6](-[#7])-,:[#6]-,:[#6]",5,C=CCCC[C@@H]([NH3+])C(C)(C)[NH+]1CCOCC1 | Cc1cnc(N)c([C@@H]([NH3+])c2cscc2C)c1 | Cc1cc(C)cc([C@@H]([NH3+])C[NH+](C)C)c1 | Nc1cc(F)cc([C@@H]([NH3+])C(F)(F)F)c1O | CN1CCO[C@@H]([C@H]([NH3+])Cc2ccccc2)C1
2894,7419,aniline,1.0,2.7199042593700704,"[#6]-,:[#6]-,:[#6]-,:[#7]-,:[#6]",5,CCCCCNc1nc(C)c(C(=O)OCC)s1 | COc1ccc(OC)c(Nc2cc(C)[nH+]c3ccc(F)cc23)c1 | Cc1ccc([NH3+])c(Nc2cccc(C)c2C)c1 | Cc1ccc([NH3+])c(Nc2cccc(Cl)c2C)c1 | COc1ccc(C)cc1Nc1nc(Br)cs1
1149,7221,chiral_center,1.0,1.0029084344599337,"[#6]-,:[#6]-,:[#6]-,:[#6]",4,C[C@@H](Cn1cc[nH+]c1)NC(=O)c1csc(C#CCCO)c1 | CC[C@@H](CS(=O)(=O)c1ccccc1)N[C@@H](C)c1cccc(F)c1 | C[C@@H](CC#N)NS(=O)(=O)c1cc(Cl)c(Br)s1 | O[C@@H](COc1c(Cl)cccc1Cl)C[NH+]1CCOC[C@@H]1C1CC1 | C[C@@H](Cc1cccc(F)c1)NC(=O)NCc1ncn(C)n1
2354,2877,ether,1.0,2.128293534244243,[#6]-[#6]-[#8]-[#6]1:[#6]:[#6]:[#6]:[#6]:[#6]:1,9,O[C@H](CNc1ccccc1)COc1ccc(OC[C@@H](O)CNc2ccccc2)cc1 | C=C(C)COc1ccc(C(=O)N[C@H](CCC)CC(=O)[O-])cc1 | COc1ccc(NC(C)=O)cc1NC(=O)COc1ccc(C(N)=O)cc1 | C=C(C)COc1cc(C[NH+](C)Cc2nccs2)ccc1OC | CN(Cc1ccccc1)c1oc(COc2ccc(Br)cc2)nc1C#N
1899,4135,amide,1.0,1.6443041304919757,"[#6]-[#6]-[#7]-[#6]-,:[#6]-,:[#6]:,-[#6]:,-[#6]",8,CCCCN1C(=O)C(=O)c2cccnc21 | CCCN1C(=O)C(C)(C)COc2ccc(NS(=O)(=O)c3ccc(OC)cc3OC)cc21 | CCN1C(=O)C(C)(C)COc2cc([N-]S(=O)(=O)c3cc(Cl)ccc3C)ccc21 | CN1C(=O)COc2ccc(NC(=O)C[C@H]3CCCO3)cc21 | C=CCOCCCC(=O)NCC(=O)Nc1cc(Cl)ccc1Cl
1722,3015,carbonyl_any,1.0,1.4566642388929352,"[#6]-,:[#6]-,:[#6]-[#6]=[#8]",5,CC[C@H](C)[C@H](NC(=O)Nc1ccc(OC)cc1OC)C(=O)[O-] | COC[C@@H](C)CNC(=O)N[C@H]1CCCCC[C@@H]1C(=O)[O-] | CC(C)C[C@@H](NC(=O)C1(CC(C)C)CCCC1)C(=O)[O-] | CC[C@@](C)(NC(=O)c1cnc(C)cn1)C(=O)[O-] | CC[NH+](CC)CCN[C@@H](CC(=O)Nc1cc(Cl)ccc1Cl)C(=O)[O-]
2407,4131,sulfide,1.0,14.096419509444601,"[#6]:,-[#6]:,-[#6]:,-[#6]-,:[#6]",5,Nc1ncccc1[C@@H](N)CSc1ccccc1Cl | Cc1oc(-c2cccs2)nc1CSc1nc[nH]n1 | C[C@@H](C1CC1)n1nccc1NC(=O)CSc1ncn[nH]1 | Cc1oc(-c2cccs2)nc1CSc1nc2ccncc2[n-]1 | CCOC(=O)c1cnn(C)c1NC(=O)CSc1ccccc1C
2765,4759,chiral_center,1.0,1.0029084344599337,"[#7]-,:[#6]-,:[#6]-,:[#6]",4,CC(C)CN(C)C[C@@H]([NH3+])c1cccc2ccccc12 | C#CCN1CCC[C@@H]([NH3+])C1 | Cn1cc[nH+]c1C[C@@H]([NH3+])c1ncn[nH]1 | CCOC(=O)[C@@H]([NH3+])c1[nH+]ccn1C | CCC(CC)([C@@H]([NH3+])c1sccc1C)[NH+](C)C
2157,6263,aliphatic_ring,0.85,1.3378663392829035,"[#6]-,:[#6]-,:[#7]-,:[#6]-,:[#6]-,:[#6]",6,CC(C)[C@H]([NH2+]C[C@@H](c1c(F)cccc1F)N(C)C)c1ccc[nH+]c1 | CC(C)[C@H]([NH2+][C@@H](C)C(=O)Nc1ccc(C#N)cc1)c1ccc2c(c1)OCCO2 | CC(C)[C@@H]1OCCC[C@@H]1CN[C@@H](C)c1ccc([S@](C)=O)cc1 | CC(C)[C@@H]1OCC[C@H]1CN[C@@H](C)c1nc2cc(Cl)ccc2n1C | CC(C)[C@H]1OCC[C@@H]1CNC(=O)Nc1cccc(-c2[nH+]ccn2C)c1
2248,2765,amide,0.8,1.3154433043935807,"[#7]-,:[#6]-,:[#6]",3,Cc1nc2cc(NC(=O)c3n[n-]c(C4CC4)n3)ccc2o1 | COc1ccc2nc(C(=O)Nc3n[n-]c(C(F)(F)F)n3)ccc2c1 | Cc1cnccc1NC(=O)c1ccc2n[n-]nc2c1 | CCc1n[n-]c(C(=O)N(C)Cc2nc(C)n[nH]2)n1 | Cc1n[n-]c(C(=O)N(C)Cc2nc(C)n[nH]2)n1
447,4297,sulfonyl,1.0,10.486577181208053,"[#6]-,:[#7]-,:[#6]-,:[#6]-,:[#6]-,:[#6]",6,Cc1nn(C)cc1CNc1cnn(-c2ccccc2S(C)(=O)=O)c1 | COc1ccc(N(CC(=O)Nc2ccc(OCc3ccccc3)cc2)S(C)(=O)=O)cc1OC | Cc1onc(-c2cccnc2)c1C(=O)N1CCC(c2nnsc2S(C)(=O)=O)CC1 | CN(C)C[C@@H](O)CNC(=O)[C@@H]1CCCN1S(C)(=O)=O | Cc1n[nH]cc1CCCNC(=O)Nc1ccc(S(C)(=O)=O)cc1
1976,2751,aliphatic_ring,1.0,1.573960399156357,"[#6](-,:[#7])-,:[#6]:,-[#6]:,-[#6]:,-[#6]",6,O=C(NCCCC1[NH+]=c2ccccc2=[NH+]1)c1cccs1 | COc1ccc([C@H]2[NH2+][C@@H](CN3CCC[C@@H]3[C@@H]3[NH+]=c4ccc(F)cc4=[NH+]3)[C@H](C)O2)c(C)c1C | O=C1N=C([O-])C[C@@H]1[NH+]1CCC(C2[NH+]=c3ccccc3=[NH+]2)CC1 | O=C(NCCCN1CCN(c2ccc(F)cc2)CC1)[C@H]1CCCN(C2[NH+]=c3ccccc3=[NH+]2)C1 | CCOC(=O)[C@H]1[NH+]=c2ccccc2=C1NC(=O)Nc1cccc(Cl)c1
205,6118,ether,0.7,1.48980547397097,[#6](=[#8])-[#6]-[#6]-[#6],5,CCOC(=O)C1CCN(C(=O)[C@H](NC(=O)N2CC(O)=Nc3ccccc32)C(C)C)CC1 | COC(=O)C1CC[NH+](C[C@H](O)COc2ccccc2C)CC1 | NC(=O)C[C@@H](NC(=O)CCNC(=O)c1cccs1)C1CCCCC1 | CCOC(=O)C[C@@H](OC(=O)c1sccc1Br)C1CC1 | COCCCNC(=O)C1CCN(c2c[nH+]cnc2N(C)C)CC1
3056,6157,pyridine,1.0,5.947424765076722,"[#6]-,:[#6]-,:[#6]-,:[#6]-,:[#7]-,:[#6]-,:[#6]",7,CC[NH2+][C@@H]1CC[C@H](C)C[C@@H]1N(CC)Cc1ccccn1 | C[C@@H](NC(=O)[C@H]1CCCN(c2cnc3nccnc3c2)C1)c1ccccn1 | Cc1nc(NC(=O)CCNC(=O)[C@H]2C[C@@H]2C)sc1-c1ccccn1 | CC[C@@H](C)C[NH+](CC)CCNCc1ccccn1 | O=C(C[C@@H]1COCCN1)NCCSc1ccccn1
596,1609,aliphatic_ring,0.95,1.4952623791985393,"[#6]-,:[#6]-,:[#6]-,:[#6]-,:[#6]",5,C[C@@H]1CCC[C@@H](C)[NH+]1CCCN1C(=O)c2cc3occc3n2C[C@@]1(C)C(=O)NC1CCCCCCC1 | COc1cc(NC(=O)[C@@H]2[C@H]3C=C[C@]4(CN(Cc5cc[nH+]cc5)C(=O)[C@@H]24)O3)cc(OC)c1 | CN1CCN(S(=O)(=O)c2ccc3c(c2)C(=O)c2cc(S(=O)(=O)N4CC[NH+](C)CC4)ccc2-3)CC1 | Cc1ccc(-c2nc(S(=O)(=O)c3ccc(F)cc3)c(N3C[C@H](C)C[C@H](C)C3)o2)cc1 | COc1ccc(O)c([C@H]2Nc3ccccc3-n3c(-c4ccccc4C)c4c(=O)n(C)c(=O)n(C)c4c32)c1
1884,6466,sulfonyl,1.0,10.486577181208053,[#8]=[#16]=[#8],3,O=S(=O)(Cc1ccccc1F)c1ncc[nH]1 | O=S(=O)(CCc1ccccc1)[N-]c1cccc(OC[C@H]2CCCO2)c1 | O=S(=O)(c1ccccc1)N1CC[NH+](Cc2cccc(F)c2)CC1 | O=S(=O)(c1c[nH]cn1)N1CCC(OC[C@H]2CCCO2)CC1 | O=S(=O)(Cc1nnsc1Cl)c1ncc[nH]1
1311,1670,aliphatic_ring,0.95,1.4952623791985393,"[#6]-,:[#6]-,:[#6]-,:[#6]-,:[#6]",5,CC(=O)c1cc2c(cc1NC(=O)[C@@H]1CC(=O)N([C@@H]3CCC[C@H](C)[C@H]3C)C1)OCO2 | C=C1N=C(C)[C@@H](C(=O)OC(C)C)[C@@H](c2cccc([N-]S(C)(=O)=O)c2)C1C(=O)OCCOC | C=C1N=C2C[C@H](C)[C@H](C(=O)OC)C(=O)[C@@H]2[C@H](c2cccs2)C1C(=O)OC1CCCCCC1 | CCOC(=O)c1c(C)oc(NC(=O)[C@H](C)Sc2cc(C)c3cc(C)cc(C)c3[nH+]2)c1C(=O)OCC | CCOC(=O)[C@@H]1C(=O)[C@@H](C(=O)OCC)C2C1[C@H](C(=O)OCC)C(=O)[C@@H]2C(=O)OCC
1780,4632,aniline,0.9,2.4479138334330632,"[#6](:[#6]:[#6]:[#6]:[#6]):,-[#6]-[#7]-[#6]=[#8]",9,COc1ccccc1NCC(=O)NCc1ccc(OC)c(OC)c1 | COc1ccccc1NC(=O)CNc1cccc(C)c1 | COc1ccccc1CNC(=O)c1ccc(N2CCCS2(=O)=O)cc1 | CCc1ccccc1NC(=O)Cn1cnc(C)cc1=O | CCc1ccccc1NC(=O)c1ccc(Br)nc1
1392,6254,benzene,1.0,1.3610997686130393,[#6]-[#6]1:[#6]:[#6]:[#6]:[#6]:[#6]:1,7,Cc1cc(CN2CC(C)(C)NC[C@@H]2C)cc(C)c1F | CCOc1cc(CN2CCNC(=O)C[C@@H]2c2ccccc2)ccc1OC(F)F | Cc1cc(OCC(=O)N(C)CC(N)=O)ccc1C(C)C | Cc1cc(OCC(=O)Nc2ccccc2OC[C@@H]2CCCO2)ccc1Cl | Cc1cc(OCC(=O)NC2(CC(=O)[O-])CCC2)ccc1Cl
2692,7878,pyridine,0.85,5.055311050315213,"[#6]-,:[#6]-,:[#6]-,:[#7]-,:[#6]-,:[#6]",6,O[C@]1(C[NH2+]CCCc2cc[nH+]cc2)C[NH2+]CCOC1 | Cc1ccc(CCC(=O)Nc2ncccc2OCc2cc[nH+]cc2)cc1 | Cc1cccc(OCC(=O)Oc2ccc(OCc3cc[nH+]cc3)cc2)c1 | CCCC[C@@H](CCC)CNC(=O)NCc1cc[nH+]cc1 | O=C(NC1CC1)c1ccc(NCc2[nH+]ccn2Cc2ccccc2)cc1
1363,5245,aliphatic_ring,1.0,1.573960399156357,"[#6]:,-[#6]:,-[#6]-,:[#6]-[#7](-,:[#6]-,:[#6])-,:[#6]-[#6]",9,COc1ccc(C[NH+]2CCN(Cc3cccc(Cl)c3)CC2)cc1 | COc1ccc(C[NH+]2CCN(c3ccccc3OC)CC2)c(O)c1 | c1cc(C[NH+]2CCCC2)cc(N[C@H]2CCNC2)c1 | Cn1cc(C[NH+]2CCN(c3ccc(N)cn3)CC2)cn1 | COc1ccc(C[NH+]2CCOCC2)cc1
1962,4868,chiral_center,1.0,1.0029084344599337,"[#6]-,:[#6]-,:[#6]-,:[#7]-[#6]",5,C[C@H](CCc1ccc(O)cc1)NC(=O)CNC(C)(C)C | Cc1cc(NC(=O)CNC(N)=O)ccc1Oc1cccnc1 | CC[C@@H](CCO)CNC[C@@H](O)CO[C@H]1CCCC[C@@H]1CC | COc1nc2sccn2c1CNC[C@@]1(C)CCCO1 | CCN1CCO[C@H](CNC[C@@H]2CC[NH+](C3CC3)C2)C1
1777,4778,ring_N,1.0,1.267941370391033,"[#6]-,:[#6]-,:[#6]-,:[#6]-,:[#7]",5,CN(C)C(=O)[C@@H]1CC[C@@H](CNc2ccnc3ccsc23)O1 | COCC[NH+]1CC[C@@H](CNc2cc(C(C)C)nc3ccnn23)C1 | CC(C)=CC(=O)NC[C@@H]1CCC[NH+](Cc2cccc3cccnc23)C1 | COC(=O)[C@]1(C)CCN(Cc2c(C)nc3sccn23)C1 | C[C@H]1CCC[NH+](Cc2c([C@@H]3CCCO3)[nH]c3ncccc23)C1
314,9069,aliphatic_ring,1.0,1.573960399156357,"[#6]-,:[#6]-,:[#6]-,:[#6]-,:[#6]-[#7]-,:[#6]",7,C[C@@H]1C[C@@H]([NH3+])CN(c2ccc(Cl)nn2)C1 | C[C@@H]1CN2CCC[C@@H]2CN1C[C@@H]1C[C@H](O)C[NH2+]1 | CC[C@@H]1C[C@H]([NH+]2[C@@H](C(=O)[O-])CC[C@H]3CCCC[C@H]32)CCO1 | C[C@@H]1C[C@@H](C)CN(S(=O)(=O)NC2CC[NH+](Cc3ccccc3)CC2)C1 | C[C@@H]1C[C@H]([NH3+])CN(C(=O)c2cccc(O)c2)C1
2547,6744,ether,0.7,1.48980547397097,"[#6]:,-[#6]:,-[#6]:,-[#6]:,-[#6]:,-[#7]:,-[#6]",7,CNc1ccc2nc(-c3ccc(C#N)cc3)[nH]c2n1 | Cc1ccc2nc(-c3cccnc3)cc(C(=O)n3cccn3)c2c1 | CCOc1ccc2nc(-c3c[nH+]cc([O-])c3)[n-]c2n1 | Cc1ccc2nc(-c3ccccc3)cc(C(=O)Oc3cccc(C)c3C)c2c1 | Cc1ccc2nc(-c3ccccc3)c(NC(=O)c3oc(C)nc3C)n2c1
1958,6898,amide,0.8,1.3154433043935807,"[#6]-,:[#6]-,:[#6]-,:[#6]:,-[#6]",5,C=CCOc1ccc([C@H]2c3c(oc4cc(C)c(Cl)cc4c3=O)C(=O)N2CCCOC)cc1 | COc1cccc(-c2nn(C(C)(C)C)cc2C[NH+]2C[C@@H]3[C@@H](C2)OCCN3C)c1 | COc1cccc([C@@H]2C[C@@H]3CN(Cc4cccc(Cl)c4)C(=O)[C@@]34CCC[NH+]24)c1 | Cc1cc2oc3c(c(=O)c2cc1C)[C@@H](c1cccc(Oc2ccccc2)c1)N(c1nncs1)C3=O | C[C@H](c1ccc(Cl)cc1)[C@@H](C)N(C)C(=O)c1ccc2c(c1)nnn2C
393,6638,benzene,1.0,1.3610997686130393,"[#7]:,-[#6]:,-[#6]:,-[#6]-,:[#6]:,-[#6]:,-[#6]",7,COc1ccc(OC)c(-c2csc(NC(=O)CC3CCCCC3)n2)c1 | COc1cc(OC)cc(-c2nnc(SCC(=O)Nc3nccs3)o2)c1 | O=C(NCc1cc(-c2ccc(F)cc2F)on1)c1ccccc1Cl | CCOC(=O)c1c(-c2ccc(C)c(C)c2)csc1NC(=O)CCCOc1ccccc1C | Cc1ccc(N)c(-c2nc3cc(F)ccc3s2)c1
3051,1297,aliphatic_ring,0.85,1.3378663392829035,"[#6](-,:[#6]-,:[#6])-,:[#6]",4,[H]/N=c1\n(CCN2CCCC2)c2ccccc2n1C[C@H](O)COc1ccc(Cl)cc1 | [H]/N=C1/NC(=O)N(C)[C@]12CCc1ccccc1C2 | [H]/N=C1/NC[C@]2(CC[NH+](C)C2)N1c1cccc(OC)c1 | [H]/N=C1\NC[C@@H](c2cccc(F)c2)N1c1cccc(Br)c1 | [H]/N=C1\NC[C@H](c2ccc(F)cc2)N1c1cccc(Br)c1
688,9521,chiral_center,1.0,1.0029084344599337,"[#6]-,:[#6](-,:[#6])-,:[#6]-,:[#7]-,:[#6]",6,CCC[NH2+][C@H](c1cncnc1)C(C)(C)[NH+]1CCCCCC1 | C[C@@H]([NH2+]CCCCn1cnnc1)C(C)(C)C | CC(C)NC(=O)CCN1C(=O)C(C)(C)c2ccccc21 | C[NH2+][C@H](C)C(C)(C)CN1CCCC(C)(C)C1 | CC[NH2+][C@@H](c1ccccc1)C(C)(C)C[NH+](C)CC(C)(C)O
332,2240,ring_N,1.0,1.267941370391033,"[#6]-,:[#7]-,:[#6]-,:[#6]:,-[#6]:,-[#6]",6,CCc1[nH+]c(=O)n([C@H](C)C2CC2)c(CC)c1CC(=O)[O-] | Cc1[nH+]c2cc(NC(=O)[C@H](C)NS(C)(=O)=O)ccc2n1C | Cc1[nH+]n(C)c(N2C[C@@H]3CCC[NH+]3C[C@@H]2C)c1CC[NH3+] | Cc1[nH+]nc(N2CCO[C@@H](CC(=O)[O-])C2)c2ccccc12 | Cc1[nH+]cn(C[C@@H](C)[NH2+][C@@H](C)[C@H](O)Cc2ccccc2)c1C
755,3269,carbonyl_any,1.0,1.4566642388929352,[#8]=[#6](-[#8])-[#6]-[#6],5,O=C([O-])[C@@H]1COCC[NH+]1Cc1nccs1 | O=C([O-])[C@H](CCc1ccc[nH+]c1)Cc1ccccc1Cl | O=C([O-])[C@]1(CCc2ccccn2)CCC[NH2+]C1 | O=C([O-])[C@@H](C1CCCCC1)[NH+]1CC2(CCC2)C1 | O=C([O-])[C@@H]1CCCC[NH+]1CCSc1ccc(F)cc1
2008,10545,aniline,1.0,2.7199042593700704,"[#6]:,-[#6]:,-[#6]:,-[#6]-[#7]-[#6]=[#8]",7,Cc1ccc(NC(=O)COc2ccc(C(N)=O)cc2)cc1Cl | CCCOc1ccc(NC(=O)c2ccnc(C(=O)OC)c2)cc1Cl | CCCCOc1ccc(NC(=O)c2ccc(OC)c(OC)c2)cc1 | COCCCn1ccc(NC(=O)NCCCCOc2ccc(C)cc2)n1 | COc1ccc(NC(=O)c2ccc(Br)cc2)cc1OCc1ccc[nH+]c1
2032,3829,sulfonamide,0.9,12.244897959183675,"[#6](:,-[#6]:,-[#6]:,-[#6]):,-[#6]:,-[#6]",6,O=C(COc1ccccc1)NCC[NH+]1CCN(S(=O)(=O)c2ccccc2)CC1 | CCc1cccc(CC)c1NC(=O)CN(C)S(=O)(=O)c1ccc(Br)s1 | CC(=O)C1(c2ccccc2)CC[NH+](CCCS(=O)(=O)N(C)C)CC1 | COc1ccc(CCNC(=O)CN(c2ccccc2C)S(=O)(=O)c2ccccc2)cc1 | CCn1c(COC(=O)c2sccc2S(N)(=O)=O)nc2cc(S(=O)(=O)N(C)C)ccc21
1104,5757,trifluoromethyl,1.0,24.679170779861796,[#6]-[#6](-[#9])(-[#9])-[#9],5,Fc1ccc(CN2CCCN(CC(F)(F)F)CC2)cc1 | Fc1ccc(CSc2nncn2CC(F)(F)F)cc1 | CC(=O)NCc1ccc(OCC(F)(F)F)nc1 | OCCN(CCO)Cc1ccccc1OCC(F)(F)F | CCC(NC(=O)OC)(C(F)(F)F)C(F)(F)F
626,9319,ether,0.85,1.8090495041076065,"[#6]:,-[#6]:,-[#6]:,-[#6]-,:[#6]-,:[#7]",6,O=C([C@H]1CCCO1)N1CC(=O)N(C2CCCCC2)C[C@H](OCc2cccnc2)C1 | CCCc1noc([C@H]2CCCN(C(=O)[C@@H]3CCCO3)C2)n1 | Cc1cccc([C@H]2CC(=O)c3cnc4nc(SCc5ccccc5)nn4c3C2)c1 | COc1ccc([C@H]2CC(=O)c3c(nc4nc5ccccc5n4c3C)C2)cc1 | CCc1ccc([C@H](COC)NC(=O)NC[C@@H](C)Nc2ccccc2)o1
374,9075,aromatic_ring_any,1.0,1.0762872395384881,"[#6](-,:[#6]-,:[#6]:,-[#6])-[#7]-,:[#6]-,:[#6]",7,N#Cc1ccc(N2CCN(Cc3ccc4c(c3)OCO4)CC2)nc1 | COc1cc2nc([O-])n(Cc3ccc(C(C)C)cc3)c(=O)c2cc1OC | Cc1cccc(NC(=O)N(Cc2ccc[nH+]c2)Cc2ccco2)c1C#N | c1cc(C2CC[NH+](Cc3ccc(N4CCCCC4)cc3)CC2)[nH]n1 | CCC(=O)N1CC[NH+](Cc2ccc(SC(=O)N(C)C)cc2)CC1
1928,6132,carbonyl_any,1.0,1.4566642388929352,[#6]-[#6]-[#7]-[#6],4,CCN(CC(=O)N1CCN(C(=O)OC(C)(C)C)CC1)Cc1cccs1 | CN(CC(=O)Nc1nnc(SCC(=O)Nc2cccnc2)s1)S(C)(=O)=O | CCN(CC)C(=O)Sc1c(O)cc(Cl)c(O)c1Cl | CCN(CC)C(=O)CS(=O)(=O)c1ccc(Br)cc1 | CCC(CC)NC(=O)CCNS(=O)(=O)c1cccs1
1118,3152,ether,1.0,2.128293534244243,"[#6]-,:[#6]:,-[#6]:[#6]:[#6](-[#8]-[#6]-[#6]):[#6]",9,CCCCCCOc1cccc(OCC(=O)N2CCN(C)CC2)c1 | C[NH2+]Cc1ccc(OCC(=O)NCC(C)C)cc1 | CCC[NH2+]Cc1ccc(OCCC(C)C)c(OCC)c1 | Cc1ccc(C[NH2+]Cc2cccc(OCC#N)c2)c(C)c1 | C[NH2+]Cc1cccc(OCC(=O)Nc2ccc(F)cc2)c1
1758,4542,aniline,0.75,2.039928194527553,"[#6]-,:[#6]-,:[#6]:,-[#6](:,-[#6])-,:[#7]-,:[#6]",7,[H]/N=C(\Nc1nc(C)cc(C)n1)N1CC[NH+](CC)CC1 | [H]/N=C(\O)Cc1ccccc1N/C(O)=[NH+]/CCC | [H]/N=C(\N)c1cc(F)ccc1N1CCN2CCCC[C@@H]2C1 | [H]/N=C1/NC(=O)N(C)[C@]12CCc1ccccc1C2 | [H]/N=C(/[O-])[C@H]1CCC[NH+]1CCOc1ccccc1C#N
2516,3138,aliphatic_ring,0.95,1.4952623791985393,"[#6](-,:[#6])-,:[#6]-,:[#6]",4,Cn1cc[nH+]c1[C@@H]1[C@H](C(=O)[O-])CC(=O)N1CCCOC1CCCCC1 | O=C([O-])C[C@H]1C[C@@H](C(=O)[O-])C[C@H]1CC(=O)O | [NH3+]CC(=O)NCC(=O)N1[C@@H](C(=O)[O-])CC[C@@H]2CCCC[C@H]21 | CC(C)[C@H](NC(=O)[C@@H]([NH3+])CC(=O)[O-])C(=O)[O-] | Cc1cccc([C@@H]2[NH2+][C@H](C(=O)[O-])Cc3[nH]cnc32)c1
1965,3093,ring_N,1.0,1.267941370391033,[#6]-[#6]1:[#7]:[#7](:[#6]:[#6]:1)-[#6],7,Cc1nn(C)c(C#N)c1N | Cc1nn(-c2ccc(C#N)c(N)c2)c(C)c1C | CCc1nn(C)cc1CNCc1ccc(NC(=O)NC(C)C)cc1 | CCc1nn(C)cc1C[NH2+]Cc1ccnc(N2CC[NH+](CC)CC2)c1 | CCc1nn(C)c(OC)c1CN(CCO)CC[NH+]1CCOCC1
1262,7035,sulfonyl,1.0,10.486577181208053,"[#16](=[#8])(=[#8])-[#6]:,-[#6]",5,COC(=O)c1cccc(S(=O)(=O)N2CCN(Cc3cccc(C)c3)CC2)c1 | Cc1ccc(C)c(S(=O)(=O)Nc2n[nH]c(-c3ccncc3)c2C)c1 | Cc1cc(C)c(S(=O)(=O)N2CCN(c3ccc(F)cc3)CC2)c(C)c1 | Cc1cc(C)c(S(=O)(=O)NCc2ccc(N3CCOCC3)cc2)c(C)c1 | CC(=O)Nc1c(S(=O)(=O)c2ccccc2)c(C)c(C)n1C(C)C
1364,2054,aniline,1.0,2.7199042593700704,"[#6]-,:[#6]-,:[#6]-,:[#7]-,:[#6]",5,Cc1ccc(-c2[nH]ncc2CNc2ccc(OCc3[nH+]ccn3C)cc2)o1 | CN(C)c1[nH+]cccc1CNc1cc(NCCO)ncn1 | COc1ccc(-c2[nH]ncc2CNc2ccccc2O[C@H]2CCOC2)cc1 | Cc1nc(-c2ccccc2)sc1CNc1cncc(-n2cc[nH+]c2C)n1 | CC[NH+]1CCN([C@@H](C)CNc2ccc3nnc(C)n3n2)CC1
2932,10540,aliphatic_ring,0.85,1.3378663392829035,"[#6]-,:[#6]-,:[#6]",3,C[C@@H]1CN(CCC2OCCCO2)CCCO1 | CCCC(CCC)CC(=O)[C@@H](C#N)c1nnc2n1CCCCC2 | CCCN(CCC)C(=O)CCCC(=O)Nc1ccc(NC(=O)C2CC2)nc1 | Cn1cc(C#N)cc1C(=O)N(CCC1CCCCC1)CC(N)=O | CN(CCC#N)S(=O)(=O)N[C@H]1CCCc2cc(OC(F)F)ccc21
1848,7950,ether,0.7,1.48980547397097,"[#6]-[#6](-,:[#6]-,:[#6])-,:[#6]-,:[#6]",6,NC(=O)Cc1ccccc1NC(=O)c1ccco1 | CNC(=O)Cc1ccccc1NC(=O)NCc1cccs1 | COC(=O)C1(NCc2cnc3ccccn23)CCCC1 | CCCNC(=O)c1ccccc1NC(=O)C1CCCC1 | CCNC(=O)C1CCCCC1
954,2347,ring_S,1.0,6.093102607847917,"[#6]-,:[#6]-,:[#6]-,:[#7]-,:[#6]-,:[#6]",6,COc1ccc(C)cc1-c1csc(CN2CCOCC2)n1 | C[C@@H]1CCc2c(C(=O)N(C)CC(=O)N(C)C)csc2C1 | CCC[NH2+][C@@H](Cc1csc(C)n1)C(C)(C)N1CCOCC1 | CCC[NH2+][C@H](Cc1csc(C)n1)C[NH+](C)C | C[C@H]([NH2+]Cc1csc(COc2ccccc2)n1)[C@@H](C)CO
2683,2854,ring_N,1.0,1.267941370391033,"[#6]-,:[#6]-,:[#6]-,:[#6]-,:[#6]-,:[#6]-,:[#7]:,-[#6]:,-[#6]",9,c1ccc(N2CC[C@H](CNCc3ccccc3-n3cccn3)C2)cc1 | [NH-]S(=O)(=O)N1CCN(C2c3ccccc3-c3ccccc32)CC1 | C1=C(C[NH+]2CCn3c(nnc3-c3ccccc3)C2)COCC1 | O=C(Nc1ccccc1)N1Cc2ccccc2-n2cccc2[C@@H]1c1ccc(F)cc1 | COc1cc(NC2CC[NH+](Cc3ccccc3-n3cccn3)CC2)cc(OC)c1
2601,2976,aromatic_ring_any,1.0,1.0762872395384881,"[#6]-,:[#6]-,:[#6]-,:[#6]-,:[#6]:,-[#7]:,-[#6]",7,CC(C)[NH2+]C[C@@H]1CCC[NH+](C[C@@H]2CSc3ccccc32)C1 | Cc1cc(C[C@@H](C)N[C@H]2CC(C)(C)Cc3occc32)[nH]n1 | CC[NH+]1CCO[C@@H]([C@H]([NH3+])C[C@H]2OCCc3ccccc32)C1 | CS(=O)(=O)N1CC[C@H](C[NH2+][C@@H]2CCCSc3ccccc32)C1 | CC[C@H](C(=O)Nc1ccc(OC)cc1)n1cnc2c(sc3ncccc32)c1=O
2461,13241,amide,0.85,1.3976585109181794,"[#6]-,:[#6]:,-[#6]:,-[#6]:[#6]:,-[#6]:,-[#6]",7,C[NH+](C)CCNC(=O)c1cccc(CNS(=O)(=O)c2cccc(Cl)c2)c1 | CCC(=O)c1cccc(NC(=O)C[C@@H](O)c2cccc(F)c2)c1 | CCOCCOCc1cccc(CNC(=O)[C@H]2C[C@H]2c2ccc(Cl)cc2)c1 | CNS(=O)(=O)c1cccc(CNC(=O)NCc2cccc(S(=O)(=O)NC)c2)c1 | Cc1cccc(NC(=O)[C@H](C)[NH2+][C@@H](C)C(C)C)c1
1017,4352,ether,1.0,2.128293534244243,"[#6]-[#8]-[#6]:[#6]:[#6]:[#6]:,-[#6]",7,CC(C)Oc1ccc(C[NH+](C)CC[NH+]2CCCC2)cc1 | FC(F)Oc1ccc(Br)cc1C[NH2+]Cc1cc[nH]c1 | C[C@@H](C#N)Oc1ccc(CN(CCO)CCN2CCOCC2)cc1 | CCC(CC)Oc1ccc([NH+]2CC[NH2+]CC2)cc1 | CC(C)Oc1ccc(C(=O)NCCc2ccsc2)cc1
2284,4682,thiophene,1.0,13.220518244315178,[#6]-[#6]1:[#6]:[#6]:[#6]:[#16]:1,6,CC[C@@H](NC(=O)c1cc(S([NH-])(=O)=O)oc1C)c1cccs1 | C[C@H](NC(=O)C[NH+](Cc1ccccc1)[C@@H](C)CCO)c1cccs1 | C[NH+](C)[C@H](CNC(=O)NC[C@](C)(O)c1ccsc1)c1cccs1 | CCC(CC)[C@@H](NC(=O)N1CCCN(C(C)=O)CC1)c1cccs1 | O[C@H](C[C@H]1COCC[NH+]1Cc1cc[nH]n1)c1cccs1
1948,6333,trifluoromethyl,1.0,24.679170779861796,[#6](-[#9])(-[#9])-[#9],4,OCCN(CCO)Cc1ccccc1OCC(F)(F)F | NC1(c2ncccc2C(F)(F)F)CC1 | OCCCN(Cc1cncs1)CC(F)(F)F | CCCC1C[NH+]([C@@](C)(C(=O)[O-])C(F)(F)F)C1 | Cc1cccc(OCC[NH+](C)CC(F)(F)F)c1
695,6203,ether,0.7,1.48980547397097,"[#6]-[#6]-,:[#6]-,:[#6]-,:[#6]",5,CS(=O)(=O)NCCNC(=O)N[C@@H](c1ccc(F)cc1)C1CCC1 | C[C@H](OCCCNC(=O)N1CC[C@H]([N+]2=CCCC2)C1)c1ccccc1 | C[C@H](NCCNC(=O)CC1CCCCC1)c1ccc(N2CCOCC2)cc1 | C[C@H](OCCCNC(=O)CN1CCN(Cc2ccccn2)CC1)c1ccccc1 | CC1CC[NH+](CCCCNC(=O)c2cn(C)nc2C(F)(F)F)CC1
2062,4404,chiral_center,1.0,1.0029084344599337,"[#6]-[#7]-[#6](-[#6]-,:[#6])-[#6]",6,CCC[NH2+][C@@H](c1[nH+]ccn1CC)[C@H]1C[NH+](C)CCO1 | CC[NH2+][C@@H](c1ccccc1)C(C)(C)C[NH+](C)CC(C)(C)O | CCC[NH2+][C@@H](C[C@H](C)CC)c1cscc1C | CC[NH2+][C@@H](CC[NH+](CC)CC)[C@H]1CCCc2cccnc21 | CCC[NH2+][C@@H](c1ccccc1OCC)[C@@](C)(CC)N(C)C
2914,8865,carbonyl_any,1.0,1.4566642388929352,"[#6]-,:[#6](-,:[#6])-,:[#6]-,:[#6]",5,COCCN1C[C@@H](C(=O)OCc2[nH+]cc(Cl)n2C)CC1=O | CN1C[C@@H](C(=O)Nc2ccn(-c3ncccc3Cl)n2)CC1=O | COc1ccc(OC)c(C(=O)N(CCC(N)=O)c2ccccc2)c1 | CCn1c(C)cc(C(=O)CN2CCC(NS(C)(=O)=O)CC2)c1C | CCCn1c(N)c(C(=O)CN(C)Cc2ccccc2F)c(=O)[nH]c1=O
1442,2166,sulfide,1.0,14.096419509444601,"[#6]-,:[#7]-,:[#6]-,:[#6]:,-[#6]",5,CC[NH2+]Cc1ccccc1SC1COC1 | COCC[NH2+]CCn1nnnc1SC[C@H]1C[NH+](C)CCO1 | CCC[NH+](C)C[C@H]1CCN(CCOc2ccc(SC)cc2)C1 | CCC[NH+]1CCC(N2C[C@H](NCc3ccc(SC)cc3)C[C@H]2C(=O)NCC)CC1 | COc1ccc(-c2[nH]ncc2C(=O)NCc2ccc(SC)cc2)cc1
2158,9034,amide,0.9,1.479873717442778,"[#6]-,:[#6]-,:[#6]:,-[#6]",4,C#CCOc1ccc(F)cc1NC(=O)N1CC[C@@H](C[NH+](C)CCC)C1 | C[C@H](CC#N)[NH+](C)Cc1ccccc1N(C)C1CC[NH+](C)CC1 | C[C@H](NCc1ccc[nH+]c1N1CCC[C@H](C(N)=O)C1)c1nccs1 | C[C@H](C(=O)N(C)C)N1CCC(Oc2ccnc(C(N)=O)c2)CC1 | C[C@H](NC(=O)Nc1ccccc1)C(=O)N[C@@H]1CCSc2ccc(F)cc21
2416,4734,amide,1.0,1.6443041304919757,"[#6](-,:[#6]-,:[#6]:,-[#6]:,-[#6])-,:[#7]-,:[#6]",7,CC(=O)Nc1ccc(C)c(NC(=O)NCc2ccccc2)c1 | Cc1ccc(C)c(C(=O)CCC(=O)NCc2ccc3c(c2)OCCO3)c1 | CC[NH+]1CCN(C(=O)NCc2ccc(C#N)cc2)CC1 | CC(C)c1c(C(=O)OCC(=O)NCc2ccccc2Cl)cnc2ncnn12 | Cc1[nH]c(C)c(S(=O)(=O)NCc2ccccc2Cl)c1C(=O)N1CCCC1
777,2087,aliphatic_ring,0.95,1.4952623791985393,"[#6]1-,:[#6]-,:[#6]-,:[#6]-,:[#6]-,:[#6]-,:1",6,CC(=O)OC[C@H](OC(C)=O)[C@@H](OC(C)=O)[C@H](OC(C)=O)[C@H](OC(C)=O)C(=O)Nc1ccccc1 | CC(C)C[C@H](NC(=O)[C@H]1Cc2c([nH]c3ccccc23)[C@H]2c3ccccc3C(=O)N21)C(=O)NC[C@H]1CCCO1 | Cc1noc(C)c1S(=O)(=O)N1CCC[C@H]1C(=O)N[C@H](C)C12CC3CC(CC(C3)C1)C2 | CC(C)(C)c1ccc(C(=O)Nc2nnc([C@@H]3CC(=O)N(c4ccc(S(C)(=O)=O)cc4)C3)o2)cc1 | Cc1cccc(-c2nc(C[NH+]3CCC[C@@H](C(=O)N4CCN(c5cc(Cl)ccc5C)CC4)C3)c(C)o2)c1
1474,4870,ether,0.75,1.5962201506831821,"[#6](-,:[#6]-,:[#6]-,:[#6]-,:[#6]):,-[#7]:,-[#6]",7,COc1ccc([C@H]2C[C@@H](C)[NH+](Cc3nc(Cc4ccccc4)no3)C2)cc1 | c1ccc([C@H]2C[C@@H]2CN2CCC[C@H](c3nnc4n3CCC4)C2)cc1 | Cc1csc([C@H]2CCCN(CC3=Cc4ccccc4OC3)C2)n1 | Cc1cc([C@@H]2CCCN(C(=O)[C@H]3Cc4cc(F)ccc4O3)C2)[nH]n1 | c1ccc([C@H]2C[C@@H]([NH2+]C[C@@H]3C[NH+](C4CC4)CCO3)c3ccccc3O2)cc1
747,11251,amide,0.95,1.5620889239673768,"[#6]-,:[#7]-,:[#6]:,-[#6]:,-[#6]:,-[#6]:,-[#6]",7,C[C@H](NC(=O)c1ccc(Cn2cc(Br)cn2)cc1)C(=O)N1CCCCC1 | C[C@H](NC(=O)Nc1cnn(CC(F)F)c1)c1ccc(Cl)cc1Cl | CO[C@H](C)C(=O)Nc1cccc(NS(=O)(=O)c2ccc(C)cc2)c1 | C[C@H](CNC(=O)Nc1cc(S(C)(=O)=O)ccc1Cl)[NH+](C)c1ccccc1 | CC[C@H](C)C(=O)Nc1cccc(CNC(=O)Cc2csc(NC(=O)Cc3cccs3)n2)c1
935,9104,amine_tertiary,0.7,4.861786359216557,"[#6]-[#6]-,:[#7]-,:[#6]-,:[#6]-,:[#6]-,:[#6]",7,C#CCN1CCN(c2ccc(NC(=O)CSc3nnc(CC)o3)cc2)CC1 | CCCCNC(=O)CN1CCN(CC(=O)c2cc(C)n(Cc3cccs3)c2C)CC1 | CCNC(=O)C1CCN(C(=O)Nc2cnc3c(c2)c(C)nn3C)CC1 | C#CCN1CC[NH+](Cc2nnnn2-c2ccc(OC(F)F)cc2)CC1 | CC[C@H](CO)N1CCN(Cc2c[nH]nc2-c2ccccc2)CC1
1490,2946,carbonyl_any,0.95,1.3838310269482883,"[#6]-,:[#6]-,:[#6]:,-[#6]:,-[#6]",5,CC(C)[C@H]1CC[C@@H](C)C[C@H]1OC(=O)c1cccc(C(=O)O[C@@H]2C[C@@H](C)CC[C@H]2C(C)C)n1 | Cc1cnccc1C(=O)N1CCc2nc([C@@H]3CCCN3C(=O)C[C@H]3C=CCC3)[nH]c(=O)c2C1 | CC(C)[C@H](NC(=O)[C@@H](CC(=O)[O-])NC(=O)CNC(=O)[C@H](N)CCCNC(N)=[NH2+])C(=O)[O-] | C=CCN(C)C(=O)[C@@H](C)[C@@H]1CC[C@]2(C)Cc3sc(NCCc4cccc[nH+]4)[nH+]c3[C@@H](C)[C@@H]2[C@H]1O | CCOC(=O)c1cccc(NC(=O)[C@@H]2[C@H]3C(=O)N(c4ccc(OC)cc4)C[C@]34C=C[C@H]2O4)c1
2700,4422,aliphatic_ring,1.0,1.573960399156357,[#6]-[#6](-[#6]-[#6])-[#6],5,CC1(C)Cc2occc2[C@@H]([NH2+]C[C@@H]2CN3CCN2CC3)C1 | CC1(C)Cc2occc2[C@@H](NCCc2nc(-c3ccco3)n[nH]2)C1 | CCC1(C)CC[NH+](Cc2ccc(C[NH2+]C3CC3)cn2)CC1 | CC1(C)CCC[C@H](N2CCn3cc[nH+]c3C2)[C@H]1[NH3+] | CC1(C)Cc2cccc(C[NH2+][C@@H](CO)c3ccco3)c2O1
1183,6025,amide,0.95,1.5620889239673768,"[#6](:,-[#6]:,-[#6]:,-[#6]):,-[#6]:,-[#7]:,-[#6]",7,O=C(CSc1nnc(Cc2cccs2)n1C1CCCCC1)Nc1cccc(Cl)c1Cl | O=C(CCc1cccs1)N(Cc1ccc[nH+]c1)c1ccc(F)cc1 | O=C(CCSc1nc(-c2cccs2)cc(C(F)(F)F)n1)NCc1ccc(Cl)cc1 | O=C(CCCc1cccs1)NC1(c2ccc(Cl)cc2)CC1 | O=C(NCc1cccs1)c1n[nH]nc1Nc1ccc(Cl)cc1
1387,6510,amide,1.0,1.6443041304919757,"[#6](-,:[#7]-,:[#6]-,:[#6])-,:[#6]-,:[#6]-,:[#6]-,:[#6]",8,O=C(N1CCOC2(CCOCC2)C1)C1(c2ccc(F)cc2F)CCCC1 | O=C(C1CCN(c2nc3ccccc3o2)CC1)N(Cc1cccs1)c1ccc2c(c1)OCCO2 | O=C(Nc1cnc(N2CCNCC2)c(C(=O)N2CCCC2)c1)c1cccs1 | O=C(N1Cc2cnn(CCO)c2C1)C1([NH+]2CCOCC2)CCCCC1 | O=C(N1CCN(Cc2cccnc2)CC1)C1(c2ccc(F)cc2)CC1
1006,3946,ring_N,1.0,1.267941370391033,[#6]1:[#7]:[#7]:[#7]:[#7]:1-[#6],6,Cc1ccccc1C[NH2+]CCCSc1nnnn1C | CC(=O)NCCCSc1nnnn1CC(C)C | Cc1ncsc1COC(=O)[C@H](C)Sc1nnnn1C1CC1 | CC(C)Sc1nnnn1C(C)(C)C | CCN(C[C@@H]1COc2ccccc2O1)C(=O)CSc1nnnn1C1CC1
2626,3516,ring_O,1.0,3.935148748622698,"[#6]-,:[#6]:[#7]:[#8]:[#6]-[#6]",6,COc1ccccc1-c1noc(CN2c3ccccc3C[C@H]2C)n1 | Cc1ccccc1-c1noc(CCC(=O)NC2CC2)n1 | Cc1ccccc1-c1noc(C[NH2+]Cc2ccc3c(c2)OCO3)n1 | CC(C)(C)c1noc(CCC(=O)OCCNc2ncccn2)n1 | CC(C)(C)c1noc(CN2CCC(C(=O)NCC(F)(F)F)CC2)n1
2108,2187,ether,0.7,1.48980547397097,"[#6](-,:[#6]-,:[#6](:,-[#6]:,-[#6]):,-[#6])-,:[#6]",7,CC1(C)[C@H]2CC[C@]1(CS(=O)(=O)Nc1cccc(C(=O)Nc3cccc(C(F)(F)F)c3)c1)C(=O)C2 | Cc1cc2c(cc1S(=O)(=O)N1CCC[C@@H]1C(=O)Nc1ccc(C(C)C)cc1)O[C@H](C)C(=O)N2 | CC[C@H](C)[C@H](NC(=O)[C@@H]1Cc2c([nH]c3ccccc23)[C@H]2c3ccccc3C(=O)N21)C(=O)NC[C@H]1CCCO1 | C=CCN1C(=O)[C@H]2[C@@H](C(=O)NC3CCCCC3)[C@H]3C=C[C@@]2(O3)[C@@H]1C(=O)NC1CCCCC1 | COC(=O)c1cc(NC(=O)[C@@H]2C[C@H]3CCC[NH+]3[C@]23C(=O)N(C)c2ccccc23)cc(C(=O)OC)c1
2133,3461,sulfonamide,0.9,12.244897959183675,"[#6](:,-[#6]:,-[#6]:,-[#7]):,-[#6]",5,CS(=O)(=O)NC1=NC[NH+](Cc2ccco2)CN1 | CCCCS(=O)(=O)NCC(=O)N[C@H]1C[C@@H]1C | CS(=O)(=O)N1CC[NH+]2CCCC[C@@H]2C1 | CS(=O)(=O)Nc1ccccc1NCc1ccc([O-])c[nH+]1 | CCCCS(=O)(=O)NCC1(c2ccccc2OC)CCOCC1
750,10763,ring_N,1.0,1.267941370391033,"[#6]-,:[#6]-,:[#6]-,:[#6]-,:[#6]",5,CCCC(=O)N[C@@H]1CCCN(Cc2cc[nH]n2)C1 | CC(C)[C@H](Cc1ccc(F)cc1)NCc1cc[nH]n1 | Cn1cnnc1-c1cccc(NC(=O)c2nc[nH]n2)c1 | O=C([O-])[C@H]1CCCCN1C(=O)Cc1cc[nH]n1 | CC[C@H](C(=O)Nc1cc(C)on1)N1CCC(c2cc[nH]n2)CC1
584,7428,aliphatic_ring,0.95,1.4952623791985393,"[#6]-,:[#6]-,:[#6]-,:[#6]",4,CCOc1ccc2c(c1)[C@@H]([NH2+][C@@H]1CCN(C(C)C)C1=O)CCO2 | COc1cccc(-c2nn(Cc3ccccc3)cc2C(=O)O[C@@H]2C[C@H](C)OC2=O)c1 | CN1[C@H]2CC[C@@H]1CN([C@@H]1CCN(c3ccccc3)C1=O)CC2 | CC(C)N1CCc2c([nH]c3cc([C@H]4CCCN4C(=O)[C@H]4C[C@@H]4C)nn3c2=O)C1 | CCOC(=O)C1(C)CC[NH+]([C@H]2CCCN(c3cccc(F)c3)C2=O)CC1
1919,9544,aromatic_ring_any,1.0,1.0762872395384881,"[#6]-,:[#6]-,:[#6](:,-[#6]:,-[#6]):,-[#6]",6,Cc1ccc(N(CCC#N)C(=O)C[NH+]2CCCC3(C2)OCCO3)cc1C | Cc1cccc(Nc2ccccc2C(=O)N2CCC(C(=O)N3CCOCC3)CC2)c1C | Cc1ccc(-c2nc(NC(=O)c3ccc(COc4ccccc4Cl)o3)sc2C)cc1C | Cc1ccc([C@H](C)[NH2+][C@@H]2CCCN(c3cccnn3)C2)cc1C | Cc1cccc(NC(=O)CSc2nnc(-c3ccc(O)cc3)n2-c2ccccc2)c1C
2568,4725,furan,1.0,20.601565718994642,"[#6]-[#6]1:,-[#6]:,-[#6]:,-[#6]:,-[#8]:,-1",6,CCOC(=O)c1nn(CCc2ccc(OC)cc2)c2c1CN(C(=O)c1ccco1)CC2 | C[C@H]([NH2+]CC1=Cc2cc(Cl)cc(Cl)c2OC1)c1ccco1 | C[NH+](C)[C@@H](CNC(=O)CCC(=O)c1ccc(Cl)cc1)c1ccco1 | C[C@H](Oc1cccc(Cl)c1)C(=O)NC[C@@H](O)c1ccco1 | CC(C)COC[C@H](NC(=O)N[C@@H](CO)c1ccco1)c1ccco1
643,5013,chiral_center,1.0,1.0029084344599337,"[#6]-,:[#6]-,:[#6](-,:[#6])-,:[#6]",5,Cc1ccc([C@](C)(O)C[NH2+]Cc2c(C)cccc2C)o1 | Cc1ccc([C@](C)(O)CN[C@@H](c2cccs2)C2CC2)o1 | Cc1ccc([C@](C)(O)C2(C[NH3+])CCCCCC2)cc1F | CCC[C@](C)(CO)NC(=O)NCCC[NH+](C)CC(F)(F)F | Cc1ccc([C@](C)(O)CNC(=O)N[C@H](C)c2nc3ccccc3[nH]2)o1
464,8589,ring_N,1.0,1.267941370391033,"[#6]-,:[#6]-,:[#6]-,:[#6]-,:[#7]-,:[#6]",6,[NH3+]CC[C@@H]1CCCN(c2nc(Br)cs2)C1 | CC[C@@H](C)[C@H]1NC(=O)CCN(Cc2nc(C)c(C)s2)C1=O | Cc1nn(-c2ccccc2)c(Cl)c1C(=O)Nc1nc(CN2CCC(C)CC2)cs1 | C[C@H](O)[C@@H]1CCC[NH+](CC(=O)Nc2nc(C[NH+]3CCCC3)cs2)C1 | Cc1c(C)n(-c2ccccc2)c2nc(C(=O)Nc3ccc(F)c(F)c3)nc(N3CCCC3)c12
972,5394,amide,0.9,1.479873717442778,"[#6](-,:[#7])-,:[#6]-,:[#6]-,:[#6]-,:[#6]-,:[#6]",7,O=C(Cn1nc(-c2ccccc2F)ccc1=O)c1ccc2ccccc2c1 | O=C(Cn1nnc(-c2ccccc2)n1)NCC1CCCCC1 | O=C(Cn1nc(-c2ccccc2Cl)ccc1=O)N1CCN(c2ccccc2)CC1 | O=C(Cn1c(-c2ccccc2)nc2ccccc2c1=O)Nc1cccc(Cl)c1 | O=C(Cn1nnn(-c2ccccc2)c1=O)N(Cc1ccccc1)Cc1ccco1
1985,2196,ring_O,1.0,3.935148748622698,[#6]1:[#6]:[#6]:[#6]2:[#6](:[#6]:1)-[#8]-[#6]-[#8]-2,9,O=C(OCc1cc(Cl)c2c(c1)OCO2)c1ccncc1Cl | [NH3+]CCC(=O)N1CCC(n2nccc2NC(=O)c2ccc3c(c2)OCO3)CC1 | O=C(COc1ccc(Br)cc1Cl)N1CC[NH+](Cc2ccc3c(c2)OCO3)CC1 | O=S(=O)(CCOc1ccc(F)cc1)[N-]c1ccc2c(c1)OCO2 | O=C(c1c(Cl)cccc1Cl)N1CC[NH+](Cc2ccc3c(c2)OCO3)CC1
41,5873,alkene,1.0,24.92522432701894,"[#6]-,:[#6](-,:[#6])-,:[#6]-,:[#6]-,:[#6]",6,O=C([O-])[C@H]1[C@H]2C=C[C@]3(CN(c4ccc(F)cc4)C(=O)[C@@H]13)O2 | O=C1CCN(C(=O)N[C@H]2C=C[C@H](C(=O)[O-])C2)CCN1 | C=CC[C@@H]1CC=C[C@@H](c2ccccc2)N1C(=O)CCNS(C)(=O)=O | CNC(=O)[C@@H]1[C@@H]2C=C[C@]3(O2)[C@H](C(=O)NC2CCCCC2)N(C2CC2)C(=O)[C@@H]13 | CCOC(=O)c1sc(NC(=O)[C@H]2CC=CC[C@H]2C(=O)[O-])c(C(=O)OCC)c1C
1727,9485,chiral_center,1.0,1.0029084344599337,"[#6]-,:[#6]-,:[#6](-,:[#6])-,:[#6]-,:[#7]-[#6]",7,CC[C@@H](C)[C@@H](C(=O)N1C[C@@H](O)[C@@H](O)C1)c1ccccc1 | CC[C@@H](C)[C@@H](C(=O)Nc1cc(S(C)(=O)=O)ccc1C)c1ccccc1 | CC[C@H](C)[C@@H](NC(=O)c1c([O-])c(Cl)cc(Cl)c1Cl)C(N)=O | CC[C@@H](C)[C@@H](NC(N)=O)C(=O)Nc1ccc(C(C)=O)c(C)c1 | CC[C@H](C)[C@@H](C)N(C(=O)c1cc(OC)c(S(N)(=O)=O)s1)C1CC1
1430,3044,aliphatic_ring,1.0,1.573960399156357,"[#6](:,-[#6]:,-[#6]):,-[#6]:,-[#6]:,-[#7]:,-[#6]",7,COc1ccc(-c2nnc3ccc(N4CCC(C(=O)NCCCN5CCOCC5)CC4)nn23)cc1 | CCOc1cccc2cc(-c3csc(NC(=O)c4ccc(S(=O)(=O)N5CCCCCC5)cc4)n3)oc12 | Clc1ccc(-c2noc([C@H]3CCCN(Cc4cnc5ncccn45)C3)n2)cc1 | Clc1ccc2oc(C3CCN(c4nccc5occc45)CC3)nc2c1 | COc1ccc([C@@H]2c3ccc(O)cc3Oc3ncn4nc(-c5cccs5)nc4c32)cc1
2565,1114,sulfide,1.0,14.096419509444601,[#6]1:[#6]:[#6]:[#6]:[#6]:[#6]:1,6,Cn1c(-c2ccccc2)cnc1SCc1cc(=O)n(C)c(=O)n1C | CCn1c(C[NH3+])nnc1SCc1ccc(C(=O)[O-])cc1 | Cn1c(COc2ccccc2)nnc1SCc1ccccc1 | CCn1c(Cc2cccs2)nnc1SCc1cccc(OC)c1 | CCn1c(-c2ccccc2)cnc1SCc1csc(N(C(C)=O)c2ccccc2OC)n1
1863,10731,chiral_center,1.0,1.0029084344599337,"[#6]-,:[#6]-,:[#6]",3,C/C(=C\CO)CCC[C@@H](C)CCC[C@H](C)CCCC(C)C | CC(C)COC[C@H](C)NC(=O)N[C@H](CO)C(C)C | CCCCO[C@H]1C[C@H](NCc2cnc(-c3cccnc3)s2)C1(C)C | C=C(C)CN(CC)C(=O)NCCC[NH+](C(C)C)C(C)C | CCOC(=O)C[C@H](C)CNC(=O)N[C@@H](CCO)C(C)C
1023,7343,chlorine,1.0,7.695859627520394,"[#6]-,:[#6]-,:[#6]-,:[#6]-,:[#6]",5,C[C@]1(C(=O)N(Cc2ccc(F)cc2)C2CC2)CC1(Cl)Cl | C[C@@H](NC(=O)C1CCN(C(=O)c2ccc(F)cc2)CC1)c1ccc(Cl)cc1 | O=C(C1CCN(S(=O)(=O)c2ccc(Cl)cc2)CC1)N1CCN(Cc2ccc(Cl)cc2)CC1 | O=C([O-])c1cc(N2CCCN(c3ncccn3)CC2)ccc1NS(=O)(=O)c1ccc(Cl)cc1 | C[C@@H](NC(=O)COc1ccccc1)c1[nH+]c2ccccc2n1CC(=O)c1ccc(Cl)cc1
2612,2431,aliphatic_ring,0.95,1.4952623791985393,"[#6]-[#7]-,:[#6]-,:[#6]-,:[#6]-,:[#6]-,:[#6]-,:[#6]",8,COc1ccc(OC)c([C@H](C)NC(=O)c2cc3c(nc4sccn43)s2)c1 | Cc1nc(C(=O)N[C@H]2C[C@H]3CCCc4cccc2c43)no1 | CNC(=O)c1cccc(N[C@@H]2C[C@H]3CCCc4cccc2c43)[nH+]1 | Cc1nc(COc2ccc([C@H]3NC(=O)[C@H]4COCCN43)cc2)no1 | Cn1cc(-c2cccc(CN[C@@H]3CC(C)(C)Cc4occc43)c2)cn1
2800,4307,aliphatic_ring,0.9,1.4165643592407215,"[#6](:,-[#6]:,-[#6]:,-[#6]):,-[#6]=[#7]-[#6]",7,C[C@@H]1CCC[C@]2(C1)[NH2+]CCN/C2=[NH+]\Cc1ccccc1Cl | CCCS(=O)(=O)Nc1c(O)oc2ccccc2/c1=[NH+]\C1CCCC1 | CCCN(C[C@H]1C=c2ccc(C)cc2=[NH+]C1=O)C(C)=O | Cc1cccn(C(=O)c2ccc(Br)o2)/c1=[NH+]\C(=O)c1ccc(Br)o1 | CCCN(C[C@@H]1C=c2ccc(C)cc2=[NH+]C1=O)C(=O)CC
1111,10891,benzene,1.0,1.3610997686130393,"[#6](:,-[#6]:,-[#6]:,-[#6]:,-[#6]:,-[#6]):,-[#7]:,-[#6]",8,CC(=O)NCc1ccc(-c2csc(NC(=O)CNC(=O)c3ccccc3)n2)s1 | Cn1cc(-c2ncc(C(=O)N[C@](C)(C#N)CCc3ccccc3)s2)cn1 | COCCc1nc(C)c([C@H](C)NCc2oc3ccccc3c2C)s1 | Cc1ccccc1COC1CC[NH+]([C@H](C)c2nc([O-])c3ccccc3n2)CC1 | O=c1c2ccccc2nc2c3ccccc3ncn12
1563,9562,chiral_center,1.0,1.0029084344599337,"[#6]-[#6]-,:[#6]-,:[#6]",4,CCCC[C@@H](CCC)CNC(=O)NCc1cc[nH+]cc1 | C[C@@H](C[C@@H]1CCCCC[NH2+]1)[NH2+]CCO | CC[C@@H](C)C(=O)[C@@](C)(CC)N(C)C | CC[C@@H](C)OC(=O)[C@@](C)(N)CC | O[C@@H](C[C@@H]1CCOC2(CCOCC2)C1)c1ccccc1
1992,6200,chiral_center,1.0,1.0029084344599337,"[#6]-,:[#6](-,:[#6])-,:[#6]",4,CC(C)Cc1cc(C(=O)NCC(C)(C)C[C@H](C)O)n[nH]1 | C[NH2+]CC(C)(C)Cn1nc(C)[nH+]c1C | COc1ccc(CNCC2CCN(CC(=O)NC(C)(C)C)CC2)cc1F | CC[C@H](NC(=O)CN1CCOC(C)(C)C1)c1ccc(Cl)cc1 | C[C@@H]1CN(C(=O)NCC(C)(C)N2CCOCC2)c2ccccc21
2342,6280,trifluoromethyl,1.0,24.679170779861796,[#6]-[#6](-[#9])(-[#9])-[#9],5,CC(C)(C)OC(=O)C1CCC(NCc2ccnc(OCC(F)(F)F)c2)CC1 | COc1ccc(C[NH+]2CC[C@@]([O-])(C(F)(F)F)C2)c(OC)c1 | Fc1cc(C[NH+]2CCn3c(nnc3C(F)(F)F)C2)ccc1N1CCOCC1 | CC(C)c1noc(CCNC(=O)N[C@@H](CC(F)(F)F)c2ccc(F)cc2)n1 | C[C@H](C[NH2+][C@@H]1CCN(CC(F)(F)F)C1)Oc1ccc(Cl)cc1
1784,6115,ring_O,0.7,2.7546041240358883,"[#7]-,:[#6]-,:[#6]-,:[#6]-,:[#6]-,:[#6]-,:[#6]",7,CC(C)c1cc(C(F)(F)F)c2c([C@@H]3CCCN(C(=O)CCc4ccncc4)C3)noc2n1 | COCc1c(C(=O)N2CC[C@H](c3ncc(C(=O)Nc4ccccc4)c(C)n3)C2)noc1C | O=C(C[NH+]1CCCN(Cc2ccc(C(F)(F)F)cc2)CC1)Nc1cc2c(cc1Cl)OCCCO2 | CCOC(=O)[C@@H]1[C@@H]2C=C[C@@]3(CN(c4ccccc4CC)C(=O)[C@@H]13)O2 | COc1cc([C@H]2c3c(oc4ccccc4c3=O)C(=O)N2Cc2cc[nH+]cc2)ccc1OCCC(C)C
987,3646,ring_N,1.0,1.267941370391033,"[#6](-,:[#7]-,:[#6]-,:[#6])-,:[#6]-,:[#6]",6,C[C@@H](c1ccco1)[NH+](Cc1ccn(C)c1)C1CC1 | CN[C@H](Cc1[nH+]ccn1C)c1ccccc1Cl | CC[NH2+][C@H](Cc1ccn(C(C)C)n1)[C@@H](C)OC | CC(C)C[NH2+]Cc1ccn([C@H]2CCO[C@@]3(CCOC3)C2)n1 | CCCN(C[C@@H]1COc2ccccc2O1)C(=O)c1ccn[nH]1
2751,12270,benzene,1.0,1.3610997686130393,[#6]1:[#6]:[#6]:[#6]:[#6]:[#6]:1,6,CC(C)Oc1cccc([C@H](O)CNC(=O)c2ccc(N(C)C)cc2)c1 | CO[C@H](C)C(=O)Nc1cccc(NS(=O)(=O)c2ccc(C)cc2)c1 | CC(C)C(=O)Nc1ccc(C(=O)Nc2ccc(COC(C)(C)C)cc2)cc1 | COc1ccc([C@H]2CCC[NH+]2CC(=O)N(C)Cc2ccc(C)cc2)cc1 | CSc1ccc(NC(=O)[C@H](C)Nc2ccc(NC(=O)C(C)C)cc2)cc1
714,3883,pyridine,1.0,5.947424765076722,"[#6]-,:[#6]-,:[#6]:,-[#6]:,-[#6]:,-[#7]:,-[#6]",7,CC[C@H](NC(=O)N1CCC[C@@H]1C[NH+]1CCCC1)c1ccncc1 | C[C@@H](NC(=O)N(Cc1c(F)cccc1F)C1CCCC1)c1ccncc1 | CCCN[C@@H](C=C(C)C)c1ccncc1 | N[C@H](c1cc[nH+]cc1)[C@H]([NH3+])c1ccncc1 | C[C@H]1CCCCCN1C(=O)c1ccncc1C#CCCO
3025,2163,ring_N,1.0,1.267941370391033,"[#6]-[#6]-,:[#7]-,:[#6]-,:[#6]-,:[#6]",6,CCC[NH+]1CCn2cc(C(=O)NCc3ccccc3OC)nc2C1 | Cc1[nH+]ccn1CCn1c(C)cc(=O)c2ccccc21 | CC(C)[NH2+][C@@](C)(C#N)CCn1ccnc1C#N | CCN1CCCC[C@@H]1C(=O)N1CCn2c(nnc2-c2ccccc2)C1 | C=CCn1c(SCC(=O)Nc2ccc(C#N)c(Cl)c2)nnc1C1CCCCC1
1756,5378,aromatic_ring_any,1.0,1.0762872395384881,"[#6]-,:[#6]:,-[#6]:,-[#6]:,-[#6]:,-[#6]",6,CN(Cc1ccc(OC(F)F)cc1)C(=O)CN(CCO)c1ccccc1 | CN(Cc1ccc(N(C)C)cc1)C(=O)NCCc1ccc([NH+](C)C)cc1 | CN(Cc1ccc(OC(F)F)cc1)C(=O)CN1CC[NH+](C)CC1 | CCN(Cc1ccc(CN(C)C)cc1)C(=O)[C@H](C)CCOC | CN(CCOc1ccc(CC#N)cc1)C[C@@H](O)C[NH+]1CCOCC1
2569,1736,ring_O,1.0,3.935148748622698,"[#6](:,-[#6]):[#7]:[#8]:[#6]-,:[#6]",6,CC[C@H](Nc1cccc2c1C[NH+](CCCOC)C2)C(=O)Nc1cc(C)on1 | CC(C)CN(C)C(=O)c1cc(C[NH+]2CCC(Cc3ccccc3)CC2)on1 | C[C@@H]1CCC[C@H](C)[NH+]1CCCNC(=O)COCc1cc(-c2cccs2)on1 | Cc1nn(C)cc1-c1cc(C(=O)NCCS(=O)(=O)N2CCCCC2)on1 | CC(C)c1cc(C(=O)N2C[C@@H]3CC[C@H]2C3)on1
3055,10751,carbonyl_any,0.95,1.3838310269482883,"[#6]:,-[#6](:,-[#6]):,-[#6]",4,O=C([O-])CCn1c(=O)n(Cc2cccc(Br)c2)c(=O)c2sccc21 | Cc1nc(C)c(C(=O)NCC2(c3cccc(Cl)c3)CCCC2)o1 | Cc1cc(C)c(C(=O)COC(=O)c2cccc(N(C)C)c2)cc1C | COc1ccc(OC)c(C(=O)COC(=O)c2ccc3c(c2)[nH+]c(C)n3-c2ccccc2)c1 | CN(C)c1cc(C(=O)NCC2(NC(=O)OC(C)(C)C)CCCCCC2)cc[nH+]1
2504,10172,amide,0.85,1.3976585109181794,"[#6]1:,-[#6]:,-[#6]:,-[#6]:[#6]:,-[#6]:,-1",6,CCCCN(C)S(=O)(=O)[N-][C@@H](CC(=O)[O-])c1ccccc1 | CCN(CCCNC(=O)c1ccc2c(c1)nc(C)n2-c1ccccc1)S(C)(=O)=O | CC[C@@H](CNC(=O)C[C@@H]1C=CCC1)c1ccccc1 | FC(F)(F)COCC[C@@H](C[NH2+]C1CC1)c1ccccc1Br | COC[C@](C)(NC(=O)[C@@H](C)[NH+]1CCCCCC1)c1ccccc1
704,3422,alkene,1.0,24.92522432701894,[#6]-[#8]-[#6](=[#8])-[#6](=[#6])-[#6]-[#6],8,CCOC(=O)C1=C(C)N=c2s/c(=C/c3ccccc3)c(=O)n2[C@@H]1c1ccc(N(C)C)cc1 | CCOC(=O)C1=C(C)N=c2s/c(=C\c3cn(C)c4ccccc34)c(=O)n2[C@@H]1c1ccc(Cl)cc1 | CCOC(=O)C1=C(N)n2c(s/c(=C\c3ccco3)c2=O)=C(C#N)[C@H]1c1ccco1 | CCOC(=O)C1=C(C)N=c2s/c(=C/c3ccc(OCc4ccccc4)cc3)c(=O)n2[C@H]1c1cccs1 | COC(=O)C1=C(C)N=c2s/c(=C\c3ccc(Cl)c(Cl)c3)c(=O)n2[C@@H]1c1cccs1
1829,6572,amide,0.95,1.5620889239673768,"[#6]-,:[#7]-,:[#6]-,:[#6]:,-[#6]",5,C[NH+](C)[C@H](CNCC(=O)N1CCc2ccccc21)c1ccccc1 | CC[C@@H](C)N1C(=O)c2ccccc2[C@H](C(=O)Nc2ncccc2C)C12CCCC2 | CC(C)(C)OC(=O)NCCC(=O)NCc1cccc(NC(=O)C2CCCC2)c1 | C#CCn1cc(CN(C)C(=O)Nc2ccc3[nH]nc(C(=O)OC)c3c2)cn1 | C=CCCO[C@@H](C)C(=O)NCc1[nH]c2cc(F)ccc2[nH+]1
452,2318,sulfide,1.0,14.096419509444601,"[#6]-,:[#6]-,:[#6]-,:[#6]-,:[#6]",5,COC(=O)c1ccc(C)c(NC(=O)CCSc2ccc(F)cc2)c1 | CCOc1ccc(Br)cc1C[NH2+]CCSc1nnnn1-c1ccccc1 | CC[NH2+][C@]1(C(=O)OCC)CCC[C@@H]1CCSc1nccs1 | NC(=O)[C@]1(N)CCC[C@H]1CCSc1nc2ccccc2o1 | N[C@]1(C(=O)[O-])CCC[C@H]1CCSc1nncs1
222,9932,amide,0.8,1.3154433043935807,"[#6]-,:[#6]-,:[#6]-,:[#7]-,:[#6]-,:[#6]",6,Cc1cnn([C@H](C)C2CC2)c1NC(=O)c1ccc2[nH]c(C)c(C)c2c1 | COc1ccc([C@@H](C)N[C@H](C)c2nc3ccccc3n2C(C)C)cc1F | COC(=O)[C@H](C)N(C(=O)[C@@H](C)NC(=O)c1ccoc1)C1CC1 | COc1ccc([C@H](C)N(C)C(=O)NC[C@H](C)[NH+]2CCC[C@@H](C)C2)cc1 | Cc1c([C@@H](C)N[C@@H]2CC(=O)N(C(C)(C)C)C2)cnn1-c1ccc(F)cc1
390,5388,chiral_center,1.0,1.0029084344599337,"[#6]-,:[#6]-,:[#6]-,:[#7]-,:[#6]-[#6]",6,CC(C)N(C)C(=O)C[NH+](C)C1CCC([NH3+])CC1 | CN(C)C(=O)Cc1nc(C[NH+](C)CC2CC[NH2+]CC2)cs1 | Cc1cccc(-c2n[nH]cc2C[NH+](C)C[C@H]2CCOC2)c1 | CC[C@H](C)NC(=O)C[NH+](C)C1CCCCC1 | CCO[C@@H](C)c1nc(C[NH+](C)CCn2cccn2)cs1
1291,3833,ring_N,1.0,1.267941370391033,"[#6]-,:[#6]:,-[#7]:,-[#6]",4,CCc1[nH+]n(C)c(OC)c1CNC(=O)NC1CCCCCCC1 | CCc1[nH+]n(C)c(OC)c1CNC(=O)[C@H]1CCCO1 | Cc1[nH+]c(NCC2(CO)CCOCC2)ccc1I | Cc1[nH+]c2ccccn2c1C(=O)CSc1ccc(Cl)cc1Cl | CCc1[nH+]ccn1[C@@H]1CC[C@]([NH3+])(CO)C1
2216,7660,ring_O,1.0,3.935148748622698,"[#6]-[#6]:[#8]:[#7]:[#6]:,-[#6]",6,Cc1nc(CN2CC[NH+]([C@H]3CCC[C@@H](C)C3)CC2)no1 | Cc1cc(C[NH2+][C@@H](C)C[C@@H]2CCCC[NH2+]2)no1 | CC[NH2+][C@@H]1CCC[C@@H]1c1nc(C[NH+](C)C)no1 | Cc1nc(C2CCN(Cc3sc(N(C)C)nc3-c3ccccc3)CC2)no1 | Cc1nc(C(=O)N[C@H]2C[C@H]3CCCc4cccc2c43)no1
1647,4767,ring_N,1.0,1.267941370391033,"[#6]-,:[#6]:,-[#6]:,-[#6]:,-[#6]-,:[#7]:,-[#6]:,-[#6]",8,COc1ccc(Nc2nc(N)nc(CN3CCN(c4ccccn4)CC3)n2)cc1 | Cc1cc(C)c2cc(C(=O)Nc3ccc([C@H](O)Cn4cncn4)cc3)[nH]c2c1 | Cc1cccc(-c2nc(CN3CCO[C@H](Cn4cccn4)C3)no2)c1 | c1ccc(COc2cc[nH+]c(N3CCN(Cc4cccnc4)CC3)n2)cc1 | COc1ccc(CC(=O)N[C@@H](c2cc([O-])n3nc(-c4ccccn4)cc3n2)C(C)C)cc1
2127,2920,ring_N,1.0,1.267941370391033,[#6]1:[#7]:[#6]:[#6]:[#7]:1-[#6],6,C[C@H]([NH2+]CC1(C)COC1)c1nccn1C | CC[C@@H](CCO)NC(=O)N[C@@H](c1cccc(OC)c1)c1nccn1C | Cc1noc(C)c1C(=O)OCC(=O)N[C@H](c1ccccc1)c1nccn1C | CCCN[C@H](Cc1ccccn1)Cc1nccn1C | Cc1nnc(-c2cccc(C#N)c2)n1Cc1nccn1C(F)F
2533,2295,ring_O,1.0,3.935148748622698,"[#6]-,:[#6](-,:[#6]:,-[#6])-[#8]-[#6]-[#6]-[#8]",8,O=C(Nc1ccc2c(c1)OCCO2)c1cc2scnc2[nH]1 | Cc1cccc(OCCN2C(=O)C3(OCCO3)c3c(Cl)ccc(Cl)c32)c1 | O=C(NCc1ccc2c(c1)OCCO2)Nc1ccc[nH+]c1 | CN1C(=O)C2(OCCO2)c2cccc(Cl)c21 | O=C(c1ccc2c(c1)OCCO2)N1CCc2ccccc2C1
1601,9169,chiral_center,1.0,1.0029084344599337,"[#6]-,:[#6]-,:[#7]-,:[#6]-,:[#6]:,-[#6]",6,COc1cccc(C(=O)N2CC[C@@H](c3nn(CC[NH+](C)C)c4nccnc34)C2)c1 | CC(=O)Nc1cccc(NC(=O)C[C@@H](CN2CC[NH+](C)CC2)C(=O)[O-])c1 | CC1CCC(N2C[C@@H](C(=O)N(C)CC[NH+](C)C)CC2=O)CC1 | CC[NH2+][C@@H](c1ccccc1)C(C)(C)C[NH+](C)CC(C)(C)O | COCC[NH+]1[C@H](C)CN(Cc2cnc(N3CC[NH+](C)CC3)nc2)C[C@@H]1C
1263,2888,thiophene,0.95,12.559492332099419,"[#7]-,:[#6]-,:[#6]-,:[#6]-,:[#6]",5,CC(C)[C@H]1C(=O)NCCN1C(=O)NC[C@@H](C)c1ccsc1 | C[C@@H](NC(=O)c1ccccc1)C(=O)NC[C@](C)(O)c1ccsc1 | C[C@H](c1ccncc1)N(C)C(=O)NC[C@H](C)c1ccsc1 | O=C(c1cccc(Br)c1)N1CCC(c2ccsc2)CC1 | O=C(Cn1c(=O)[nH]c2ccccc2c1=O)N1CC[NH+](Cc2ccsc2)CC1
2745,7123,aliphatic_ring,1.0,1.573960399156357,"[#6]-,:[#6]-,:[#6](-,:[#6])-,:[#6]",5,CC1(C)c2ccccc2N(CCO)[C@@]12C=Cc1cc(Br)ccc1O2 | O=C1Nc2cc(F)ccc2[C@@]12CC(O)=Nc1n[nH]cc12 | Cc1ccc(OCC[C@H]2CCC[C@@]2([NH3+])C(=O)[O-])cc1C | CC[C@@H](C#N)[C@@]1(O)CCC[C@H](C)[C@@H]1C | C[C@](O)(C1CC1)[C@@]1(C#N)CCc2ccccc21
1596,35412,aromatic_ring_any,1.0,1.0762872395384881,"[#6]:,-[#6]:,-[#6]:,-[#6](-,:[#6]):,-[#6]",6,CCOC(=O)c1cnc(-c2ccc(C(F)(F)F)cc2)nc1NCCC[NH+]1CCCC[C@@H]1C | CC[NH+]1CCO[C@@H]([C@H]([NH3+])C[C@H]2OCCc3ccccc32)C1 | Cc1nc(N(C)C)ncc1C(=O)N1CC[C@H]2NCCC[C@]2(C(=O)[O-])C1 | C[C@H](Oc1ccc(C(C)(C)C)cc1)C(=O)NCCCC(=O)[O-] | O=C([O-])c1cn(C[C@H]2CCCN(C(=O)c3scc4c3OCCO4)C2)nn1
1684,7199,aromatic_ring_any,1.0,1.0762872395384881,"[#6]-,:[#6]:,-[#6]:,-[#6]:,-[#6]",5,Cc1cc(S(=O)(=O)NCCc2c[nH]c3ncccc23)ccc1F | CCCC[C@H](C(=O)NCCc1ccc[nH]1)N1CCCS1(=O)=O | CCOc1ccc(S(=O)(=O)NC2CCC([NH2+]C)CC2)cc1 | C[C@H](C(=O)NCCc1c[nH]c2ccc(Cl)cc12)n1cccn1 | CCOc1ccc(S(=O)(=O)NCCn2ncc3c(N4CCCCC4)ncnc32)cc1
2387,1996,ring_S,1.0,6.093102607847917,"[#6]-,:[#7]-,:[#6]-[#6]-,:[#6]-,:[#6]",6,CCC(CC)[C@@H]([NH2+][C@@H](C)c1nccs1)c1cccs1 | C[C@@H]1CCCCN1C(=O)N[C@H](c1nccs1)C1CC1 | CCOC(=O)c1[nH]ncc1CN1CCO[C@H](c2nccs2)C1 | C[C@H]1c2ccc(F)cc2CCN1C(=O)N[C@@H](c1nccs1)C1CC1 | OC[C@]1(NC2CC2)CC[C@@H](Sc2nccs2)C1
233,8424,ring_N,1.0,1.267941370391033,"[#6]-,:[#6]-,:[#6]-,:[#7]-,:[#6]-,:[#6]",6,Cc1ccc2nc(C)cc(NC(=O)c3cn(C)c4c(Cl)cccc4c3=O)c2c1 | COCCn1ccc2nc(C)c(C(=O)Nc3ccc(C)cc3)cc2c1=O | COC(=O)CCn1nc(C)c(C[NH+]2CCCC[C@@H]2c2cc3ccccc3[nH]2)c1C | CCCNC(=O)CCNCc1nc(C)c(C)s1 | CCOC(=O)Cn1nc(C)c2c1N=C(O)C[C@@H]2c1ccc2c(c1)OCO2
478,2800,aniline,0.7,1.903932981559049,"[#6]-,:[#6]:,-[#6]:,-[#6]:,-[#7]:,-[#6]:[#7]:[#6]",8,Cc1ccccc1-n1ncc2c(N3C[C@@H](C)O[C@H](C)C3)ncnc21 | Cc1sc2ncnc(SCC(=O)NCc3cccnc3)c2c1C | Cc1sc2ncnc(SCC(=O)NCCCSc3ccc(F)cc3)c2c1C | Cc1ccc2ncnc(Sc3nnc(-c4ccncc4)n3C3CC3)c2c1 | Cc1sc2ncnc(Nc3ccc(N(C)C)cc3)c2c1C
958,12412,aliphatic_ring,1.0,1.573960399156357,"[#6]-,:[#6]-,:[#7]-,:[#6]-[#6]",5,Cc1c(C(=O)NC2CC[NH+](CCOC(C)C)CC2)c(=O)oc2ccccc12 | Cc1ccc([C@H](C)[NH2+]CCCN2CC[NH+](C)CC2)cc1F | Cc1cnc(NCC2CCN(C(=O)OC(C)(C)C)CC2)nc1Cl | CCOc1ccc(C(=O)N2CCC[NH+](CC(C)C)CC2)cc1OC | Cc1nc(C2CCN(S(=O)(=O)N(C)C)CC2)nc2c1CCCN2Cc1ccccc1
2463,4450,chiral_center,1.0,1.0029084344599337,"[#6](-,:[#6])-,:[#6]-,:[#6]-,:[#7]-,:[#6]-,:[#6]",7,CC[NH2+][C@H](c1cnc2ccccc2c1)C(C)(C)[NH+](C)C | CC[NH2+][C@H](COCC)[C@@]1(N(C)C)CCC[C@H](C)C1 | CCC[NH2+][C@H](C)C[C@H](C)c1cc(C)cc(F)c1 | CCC[NH2+][C@@H](c1[nH+]ccn1CC)[C@H]1C[NH+](C)CCO1 | C[NH2+][C@H](C)C(C)(C)CN1CCCC(C)(C)C1
2767,7450,ring_N,1.0,1.267941370391033,"[#6]-,:[#6]-,:[#6]-,:[#7]:,-[#6]",5,CCN(CC)c1nc2ccccc2n([C@H](C)C(=O)Nc2cccc(C)c2)c1=O | Cc1c[nH]c(CNC(=O)C(C)(C)NC(=O)c2cccs2)c(C)c1=O | CCN(CC)CC#C[C@H](C)OC(=O)c1cnc2ccccn2c1=O | Cn1c(-c2ccccc2)nn(CCNC(=O)Cc2ccc(Cl)cc2)c1=O | CCn1cc[nH+]c(N[C@H]2CCC[C@@H]2c2ccc(F)cc2)c1=O
1220,3123,alcohol,0.7,7.185382878259084,"[#7]-[#6]-[#6]-,:[#6]-,:[#6]-,:[#6]",6,N[C@]1(CO)CC[C@@H](Oc2cc(F)ccc2F)C1 | CCCN[C@@]1(CO)CC[C@@H]([NH+]2CC[C@H](C)C2)C1 | O[C@]1(CNCc2ccccc2-n2cccn2)CC[NH2+]C1 | CN[C@@]1(CO)CC[C@@H](n2cnc3ccccc32)C1 | CCCN[C@@]1(CO)CCC[C@@H](Oc2ccc(CO)cc2)C1
539,7142,ether,1.0,2.128293534244243,[#6]-[#6]-[#8]-[#6]1:[#6]:[#6]:[#6]:[#6]:[#6]:1,9,NC(=O)[C@@H]1COCCN1CCOc1ccc(F)cc1 | O=C(CC1CCCC1)N1CCOc2ccc(COCc3ccc(Cl)cc3)cc2C1 | COc1cccc(C(=O)NCCc2nc3ccccc3n2CCOc2cc(C)ccc2C)c1 | [NH3+][C@H]1CCC[C@@H]1CCOc1cc(F)cc(F)c1 | CC[C@@H]([NH2+][C@H]1CCOc2c1ccc(Cl)c2Cl)c1c(C)noc1C
2434,5871,aliphatic_ring,1.0,1.573960399156357,"[#6]-,:[#6]-,:[#6]-,:[#6]-[#6]-,:[#7]-,:[#6]-,:[#6]",8,COc1ccc(C[NH+]2CCC(OC[C@@H]3CCCO3)CC2)cc1OCCC(C)C | Cc1noc(C[NH+]2CCC(c3nnc(C[NH+]4CCOCC4)n3C)CC2)n1 | Brc1ccc(C[NH+]2CCC([NH+]3CCOCC3)CC2)cc1 | c1ccc(CC[NH+]2CCC[C@]3(CCN(Cc4ccco4)C3)C2)cc1 | c1ccc(C[NH+]2CCC(NCC[C@@H]3CCCO3)CC2)cc1
2695,9904,amide,1.0,1.6443041304919757,"[#6]:,-[#6]:,-[#6]:,-[#6]-,:[#6]-,:[#7]-,:[#6]",7,Cc1cc(OCc2cc(C(=O)N3CCN(C4CCCC4)C(=O)C3)no2)cc(C)c1Cl | CC(C)n1cc(C(=O)N[C@@H](Cn2cccn2)c2ccccc2)cn1 | CC(C)c1cc(C(=O)N[C@H](CO)c2ccccc2F)nn1C(C)(C)C | CNC(=O)c1ccc(NC(=O)N[C@H](C)c2cc(C)sc2C)cc1Cl | CC(=O)Nc1cc(NC(=O)N[C@H]2CCC(C)(C)c3ccccc32)ccc1F
90,2749,ring_S,1.0,6.093102607847917,"[#7]:,-[#6]-,:[#6]-,:[#6]-,:[#6]",5,CCc1cc(C(=O)Nc2n[nH]c(CCC[NH2+]C)c2C#N)sc1C | Cc1nc(C[C@]2(C(=O)[O-])CC[C@H](C)C2)sc1C | Cc1nc(NC(=O)[C@@H](C)[NH+]2CCC(CN3CCOCC3)CC2)sc1C | Cc1sc2nc(C[NH+]3CCCC3)nc(NCc3ccccn3)c2c1C | [O-]c1c([C@H](c2cccs2)[NH+]2CCC(Cc3ccccc3)CC2)sc2ncnn12
756,6708,trifluoromethyl,0.75,18.509378084896348,"[#6]-,:[#6]-,:[#7]-,:[#6]",4,C[C@@H]1CCC[C@@H](CN(C)CCC(F)(F)F)C1 | CC(C)c1nccn1CCC(=O)Nc1cnn(CC(F)F)c1 | CCC1CN([C@](C)(C(=O)[O-])C(F)(F)F)C1 | COc1ccc(C)cc1NC(=O)CN(CCC(F)(F)F)C1CCCC1 | O=C([O-])c1cncc(Nc2cccc(OC(F)(F)F)c2)n1
2078,3693,chiral_center,1.0,1.0029084344599337,"[#6]-[#7](-[#6])-[#6]-[#6]-,:[#6]-,:[#6]",7,C[NH+](C)[C@@H]1CCC[NH+](CCOc2ccc(Cl)cc2)C1 | C[NH+](C)[C@@H]1CCC[NH+](Cc2csc(Nc3ccccc3)n2)C1 | C[NH+](C)[C@@H]1CCC[C@H](NC(=O)NCCCc2[nH]c3ccccc3[nH+]2)C1 | C[NH+](C)[C@@H](CNCc1nc2c(s1)CCC2)c1ccco1 | CCOCC[NH+](C)[C@@H](C)C(=O)N1CCc2ccccc2C1
518,6679,aniline,0.9,2.4479138334330632,"[#6]-,:[#6]-,:[#6]:,-[#6]:,-[#6]:,-[#7]",6,CC(C)(C#N)CCCSc1cc[nH+]c(C(=O)[O-])c1 | COC[C@@H](C)Nc1nc[nH+]c(Nc2ccc(Cl)c(Cl)c2)c1N | COc1ccc([C@@H](NCc2cc[nH+]c(N3CCCC3)c2)C2CC2)cc1 | COC(=O)c1cc(Nc2nc[nH+]c(Nc3ccc(Br)cc3)c2N)cc(C(=O)OC)c1 | CC[C@@H](C)Nc1nc[nH+]c(Nc2cccc(Cl)c2)c1N
1057,7507,aliphatic_ring,1.0,1.573960399156357,[#6]-[#7]1-[#6]-[#6]-[#7](-[#6]-[#6]-1)-[#6],8,CC[NH+]1CCN(C(=O)CCN(Cc2ccccc2)C(=O)c2csc(Nc3cc(Cl)ccc3C)n2)CC1 | C[NH+]1CCN(CC2CCN(c3ncnc4ccc(F)cc34)CC2)CC1 | CC[NH+]1CCN([C@@H]2CC[NH+](C3CCC(C)CC3)C2)CC1 | C[NH+]1CCN(c2ncc3c(n2)CN(CCC2=CCCCC2)C3=O)CC1 | CC[NH+]1CCN([C@@H](C)C[NH2+][C@@H](c2cccs2)C2CCCC2)CC1
3022,1721,ring_N,1.0,1.267941370391033,"[#6]-,:[#6]-,:[#7]-,:[#6]-,:[#6]:,-[#6]",6,O=C(c1ccc(-n2cc[nH+]c2)nn1)N1CCCC[C@H]1Cn1cccn1 | C[C@@H](C(=O)Nc1nc(-c2ccc3c(c2)CCCC3)cs1)n1cccn1 | O=C([O-])c1csc(S(=O)(=O)[N-]c2cccc(Cl)c2-n2cccn2)c1 | C[C@H]([NH3+])c1cccn1Cc1ccc2ncccc2c1 | O=S(=O)([N-]c1cccc(C(F)(F)F)c1)c1ccc(-n2cccn2)cc1
2267,9637,aniline,1.0,2.7199042593700704,"[#6]:,-[#6]:,-[#6]-,:[#7]",4,C[C@H]1CN(c2cc(-n3cccn3)nc(N)n2)CCN1CC(F)(F)F | CC[NH+]1CCN(Cc2nc(N)nc(Nc3ccc4ccccc4c3)n2)CC1 | Cc1ccc([C@H](C)n2c(N)nc3cnccc32)s1 | C[C@H](Sc1nc(N)cc(N)n1)C(=O)Nc1ccccc1 | CCCO[C@H]1CCCN(Cc2cccc(N)n2)C1
2629,8431,aromatic_ring_any,1.0,1.0762872395384881,"[#6](-,:[#6]:,-[#6]:,-[#6])-,:[#7]-,:[#6]-,:[#6]",7,Cc1ccc(C)c(SCC(=O)N(C)Cc2ccccc2O)c1 | COC(=O)CCn1nc(C)c(CN(C)Cc2cc(C)on2)c1C | C[C@@H](c1ccccc1Cl)[NH+](C)Cc1cnn(C)c1 | Cc1ccccc1Cn1c(C(=O)N(C)Cc2ccccc2)cc2occc21 | CCC(=O)Nc1ccc(NC(=O)N(C)Cc2ccc(Cl)cc2)cc1
2850,943,ring_N,1.0,1.267941370391033,"[#6]-,:[#6]-,:[#6](:,-[#6]):,-[#7]:,-[#6]",6,C[C@@H]1COCCN1[C@@H](C[NH3+])c1cncn1C1CC1 | CN(Cc1ccccc1Br)[C@H](C[NH3+])c1cncn1C1CC1 | O=C(N[C@H]1CCC[C@@H](C2CC2)C1)c1ccccc1Cn1cncn1 | C[C@@H]([NH2+]Cc1cncn1C1CC1)c1ccc(Br)cc1 | CC[C@@H](C[NH3+])[C@H](O)c1cncn1CC
391,1076,ether,1.0,2.128293534244243,[#6]-[#6]-[#6]-[#8]-[#6]1:[#6]:[#6]:[#6]:[#6]:[#6]:1,10,O=C(N[C@@H]1CCCOc2ccccc21)N1CCc2ccccc21 | Cc1[nH+]c2ccccc2n1CCCOc1ccc(C(C)(C)C)cc1 | CCCCc1[nH+]c2ccccc2n1CCCOc1cc(C)ccc1C(C)C | COCCNC(=O)C[NH+]1CCN(CCCOc2ccc(C)c(C)c2)CC1 | CCOc1ccccc1-c1csc(NC(=O)CCCOc2cc(C)ccc2C)n1
2218,5502,aniline,0.95,2.583909046401567,"[#6]-[#7]-[#6]:,-[#6]:,-[#6]:,-[#6]:[#6]:,-[#6]",8,CCC(=O)Nc1cccc(NC(=O)c2nc(C)n[nH]2)c1 | CCCC(=O)Nc1cccc(NC(=O)c2ccc(Br)o2)c1C | CC(=O)Nc1cccc(NC(=O)NCc2ccc(C)cc2OCC2CC2)c1 | CCCC(=O)Nc1cccc(NC(=O)c2ccc(SC)nc2)c1C | CCCNC(=O)c1cccc(CNC(=O)CN2CCC[C@H]2C)c1
2149,4846,chiral_center,1.0,1.0029084344599337,"[#6]-[#6]-,:[#7]-,:[#6]-,:[#6]-,:[#6]-,:[#6]",7,CCc1nn(C)cc1C[NH2+]CCc1ccccn1 | CCc1nn(C)cc1C[NH2+]CCc1csc(-c2ccccc2)n1 | COc1cccc(C[NH2+]CC2CC[NH2+]CC2)c1OCc1ccccc1Cl | CC(C)n1ncnc1C[NH2+]CC1C(C)(C)C1(C)C | CC[C@@H](C)C[NH2+]CCc1ccccc1C
2928,6850,aliphatic_ring,0.85,1.3378663392829035,"[#6]-,:[#6]-,:[#6](-,:[#7])-,:[#6]",5,CC[C@H]([NH3+])[C@@]([O-])(Cc1nc2ccccc2s1)C(F)(F)F | CCC1CN(C[C@@H]([NH3+])[C@H](C)O)C1 | Nc1cc(C[C@@H]([NH3+])[C@H]2CN3CCC[C@@H]3CO2)cc[nH+]1 | Cc1cccc(C[C@@H]([NH3+])[C@H]2CCCc3cccnc32)c1 | C[C@@H]([NH3+])[C@@](O)([C@@H]1CCc2cccnc21)C(F)(F)F
204,2308,aliphatic_ring,1.0,1.573960399156357,[#6]-[#6]-[#7](-[#6](-[#6])-[#6])-[#6]-[#6],8,N#CCc1ccc(OCC(=O)N2CC[NH+]([C@@H]3CCC[C@@H]3O)CC2)cc1 | C[C@H](O)C1CC[NH+]([C@@H]2CCN(C(=O)OC(C)(C)C)C2)CC1 | C[C@H](C#N)N1CC[NH+]([C@@H]2CCOC3(CCOCC3)C2)CC1 | C[NH2+]C[C@@H]1CCC[NH+]([C@@H]2CCC(=O)C2)C1 | CC(C)c1cc(NC2CC[NH+]([C@H]3CCOC3)CC2)nc(C(C)C)n1
1572,3703,bromine,1.0,22.893772893772894,"[#6](:,-[#6]):,-[#6]",3,Oc1cccc(Br)c1Cl | CCCc1cnc(Br)cn1 | CCSc1ncc(Br)c(=O)[nH]1 | Cc1ccc(Br)cc1S(N)(=O)=O | Fc1cccc(Br)c1CN1CCN(c2cccc[nH+]2)CC1
1046,2029,ether,1.0,2.128293534244243,"[#6]-,:[#8]-,:[#6]-,:[#6]:,-[#6]:,-[#6]",6,CC(C)C[C@@H](C)OCCC(=O)OCc1[nH+]c2ccccc2n1C(F)F | C[C@H](NC(=O)[C@@H](C)OCc1ccccc1)C(=O)[O-] | Cc1cc(=O)oc(C)c1C(=O)OCc1cc2ccccc2nc1Cl | Cc1cc(C)nc(-n2cc(C(=O)OCc3cnn(C)c3)c(C(C)C)n2)n1 | Cc1noc(-c2ccccc2C(=O)N2CCC(OCc3ccccc3C)CC2)n1
404,1893,carbonyl_any,1.0,1.4566642388929352,"[#8]=[#6](-[#8])-[#6]-[#6]:,-[#6]",6,O=C([O-])CCCNC(=O)CNc1c2ccccc2[nH+]c2ccccc12 | O=C([O-])CCCNC(=O)CCCOc1ccc(Cl)cc1 | O=C([O-])C[C@H](CC(=O)NCc1csc2ccccc12)c1ccccc1 | O=C([O-])C[C@@H]1C[NH+](CCc2cccs2)CCO1 | O=C([O-])C[C@@H]1C[NH+]=C(N2CCOCC2)NC1=O
2848,2432,ring_N,1.0,1.267941370391033,"[#6](:[#7]:[#6]:[#7]):,-[#7]",5,CN[C@H](c1ncn[nH]1)[C@@H]1CCCc2cccnc21 | O=C(Nc1ccc2c(c1)OCCO2)c1cccc(-c2cc(N3CCCC3)ncn2)c1 | Clc1cccc(Cl)c1CNc1ncn[nH]1 | CC[C@@H](C)C[C@H](C)NC(=O)NCc1ncn(C)n1 | C[C@H](NCCc1ncn[nH]1)c1ccc(-c2ccccc2)o1
1619,3411,thiophene,1.0,13.220518244315178,"[#6]-,:[#6]-,:[#6]:[#16]:[#6]:,-[#6]",6,CC[C@@H]([NH2+]Cc1sccc1C)c1ccco1 | CC[C@H](CCO)CNC(=O)c1sccc1C | COc1ccc2c(c1)[C@]([NH3+])(c1sccc1C)CC2 | CCC(CC)([C@@H]([NH3+])c1sccc1C)[NH+](C)C | CCOC(OCC)[C@H](N)c1sccc1C
1955,8014,amide,0.8,1.3154433043935807,"[#6]:,-[#6]:,-[#6]:,-[#6]-,:[#6]-,:[#7]-,:[#6]",7,O=C(Nc1ccc(N2CCCC2)cc1)c1ccc([N-]S(=O)(=O)c2ccc3c(c2)OCCCO3)cc1 | CC[NH+](CC)[C@@H](CNC(=O)C1C[C@@H](C)O[C@@H](C)C1)c1ccsc1 | [O-]c1cc(CN2C[C@@H]3CC[C@H](C2)[NH+](CC2CC2)C3)nc2ncnn12 | C[C@@H]1C[C@H](C)CN(S(=O)(=O)c2ccc(NC(=O)c3ccc(-c4cnco4)cc3)cc2)C1 | O=C(Nc1cc(NC(=O)c2ccc(C(F)(F)F)[nH]c2=O)ccc1F)c1ccsc1
2835,9052,ring_N,0.95,1.2045443018714814,"[#6]-,:[#6]-,:[#6]:,-[#6]:,-[#6]:,-[#7]-,:[#6]",7,CCCSc1nnc2n(N)c(=O)c3ccccc3n12 | CCCn1c(=O)n(-n2cnnc2)c(=O)c2c3c(sc21)CCC3 | Cc1nn(Cc2ccccc2)c(=O)n1-c1cccc(F)c1 | CCc1c(-c2ccccc2)c(=O)n(C)n1C | Cc1nn(CC(=O)NCc2ccccc2)c(=O)c2cc(-c3ccccc3)nn12
2774,14676,aliphatic_ring,0.9,1.4165643592407215,"[#7]-,:[#6]:,-[#6]:,-[#6]:,-[#6]",5,Cc1n[nH]c(C)c1[C@H]1CCCN1CC[C@@H]1CCC[NH+]1C | Cc1n[nH]c(O)c1[C@H](c1cccc(OCc2ccccc2Cl)c1)c1c(O)n[nH]c1C | Cc1n[nH]c(C)c1[C@H]1CCCN1C(=O)Nc1ccccc1OC[C@H]1CCCCO1 | CC(C)n1c[nH+]cc1[C@H]1C(N)=NC(=O)N1C | CC(C)CN1CC(=O)N2[C@H](c3cccc(Cl)c3)c3[nH]c4ccccc4c3C[C@H]2C1=O
276,8126,ring_N,1.0,1.267941370391033,"[#6]-,:[#6]:,-[#6]:,-[#7]:,-[#6]",5,Cc1cccc2c(C(=O)Nc3nncs3)cc(-c3ccccc3Cl)nc12 | CCOC(=O)c1cnn2c([O-])cc(CN(C)c3ccccc3)nc12 | CCc1cccc2sc(NC(=O)c3cc(OC)cc(OC)c3)nc12 | CC(=O)NC(C)(C)c1noc(-c2ccc(-n3cccc3)nc2)n1 | CCn1ncc2c(C(=O)NCC(=O)NC)cc(-c3ccccc3)nc21
2261,1444,sulfide,1.0,14.096419509444601,"[#6]-,:[#6]:,-[#6]:,-[#6]",4,Cc1cc(=O)[nH]c([C@H](C)Sc2nncs2)n1 | COC(=O)[C@@]1(N)CCC[C@@H](Sc2n[nH]c(C)n2)C1 | C[C@H](CNC(=O)NCc1ncnn1C)Sc1ccccc1 | CC(C)NC(=O)Cc1ccc(NC(=O)[C@@H](C)Sc2nncn2C)cc1 | Cc1ccc(-n2nnnc2Sc2cncc(C(N)=O)n2)cc1
1581,5949,aliphatic_ring,0.95,1.4952623791985393,[#6]-[#6]-[#7](-[#6]-[#6])-[#6]-[#6],7,CC(C)NC(=O)C1CC[NH+](CCN(C)C)CC1 | O=C(c1ccccc1)C1CC[NH+](C[C@@H](O)Cn2cccn2)CC1 | Cc1c(C(=O)NC2CC[NH+](CCOC(C)C)CC2)c(=O)oc2ccccc12 | COCc1cccc(NC(=O)N2CC[NH+](CC(C)C)CC2)c1 | CC[NH2+][C@@H]1[C@@H]([NH+](CC[NH+](C)C)CC(C)C)CCCC1(C)C
2541,3281,aliphatic_ring,0.9,1.4165643592407215,"[#6](:,-[#6]:,-[#6]):,-[#6]:,-[#6]-,:[#6]-,:[#7]-,:[#6]-,:[#6]",9,CCOc1cccc2sc(N(CCCn3cc[nH+]c3)C(=O)C3c4ccccc4Oc4ccccc43)nc12 | Cc1cccc(CNC(=O)[C@H]2CC23CC[NH+](Cc2cnc(-c4ccccc4)s2)CC3)[nH+]1 | Cc1ccn2c(=O)cc(CN3CC[NH+](C(c4ccccc4)c4ccccc4)CC3)[nH+]c2c1 | CCC(=O)Oc1cn(C[C@H]2CCCO2)c2nc(CC)n3c4ccccc4nc3c12 | CNC(=O)c1cccc(C[NH2+][C@@H]2CCc3[nH]c4ccccc4c3C2)c1
905,3831,amide,0.8,1.3154433043935807,"[#6]-,:[#6]-,:[#7]-,:[#6]-,:[#6]-,:[#6]-,:[#6]-,:[#6]",8,CC[C@@H]1C[C@H](C(F)(F)F)n2[nH+]c([C@@H]3CCCCN3C(=O)c3nonc3C)cc2N1 | CCCOc1cccc([C@H]2c3c(n[nH]c3-c3cc(C)cc(C)c3[O-])C(=O)N2CCCOC(C)C)c1 | COc1cccc([C@H]2c3c(n[nH]c3-c3c(C)cc(C)cc3[O-])C(=O)N2CCCOC(C)C)c1 | O=S(=O)(NCCc1ccccc1)c1ccc2c(c1)[C@H]1C=CC[C@H]1[C@H](c1cccs1)N2 | Cc1cccc(C)c1NC(=O)c1cc2n(n1)[C@H](C(F)(F)F)C[C@@H](c1ccco1)N2
1827,3936,ring_N,1.0,1.267941370391033,"[#6]:,-[#7]:,-[#6]:,-[#6]-,:[#6]-,:[#6]",6,Cc1ccccc1-n1ncc(C(=O)OCC(=O)N2CCOCC2)c1C | CCC[NH2+]CCCc1ncc(CCCOCC)o1 | Cn1cc(-c2ncc(C(=O)N[C@@H](CN3CCCC3=O)c3ccccc3)s2)cn1 | Cc1ccc(-c2ncc(CN3CCCC[C@@H]3[C@H]3CNC(=O)C3)s2)cc1 | O=c1ncc(C2CCC2)c[nH]1
1254,1372,aliphatic_ring,0.95,1.4952623791985393,"[#6]-,:[#6]:,-[#7]:,-[#6]:,-[#6](-,:[#6]):,-[#6]",7,CC1(C)C[C@H]([NH2+]Cc2ccc(CO)o2)[C@]2(CCC(=O)NCCc3c[nH]c4ccccc34)CC[C@](C)(O)C[C@@H]12 | CCc1[nH]c(C(=O)N[C@H](C)C[NH+]2C[C@@H](C)C[C@H](C)C2)c(C)c1C(=O)OC | C=C1CCC[C@]2(C)C[C@H]3OC(=O)[C@@H](CN4CCN(c5ccc(C#N)cc5)CC4)[C@H]3C[C@H]12 | CCCc1cc(=O)[nH]c(-n2nc(-c3cccs3)cc2NC(=O)[C@@H]2CC(=O)N(c3ccc(C)c(C)c3)C2)n1 | CCCN1C(=O)[C@H]2[C@@H](C(=O)Nc3ccc(Cl)cc3)[C@H]3C=C[C@@]2(O3)[C@@H]1C(=O)N[C@@H]1CCC[C@H](C)[C@@H]1C
2012,1375,aliphatic_ring,1.0,1.573960399156357,"[#7]-,:[#6]-,:[#6]-,:[#6]-,:[#6]-,:[#6]-,:[#6]",7,CC(C)n1ccc(CC(=O)C2(N(C)C)CCCCCC2)n1 | Cc1ccc(S(=O)(=O)C[C@@H](C)[NH+]2CCCCCC2)cc1 | Cc1ccc(F)cc1[C@@H](O)C1([NH+](C)C)CCCCCC1 | CN[C@@H](C1CCC(C)CC1)C1([NH+](C)C)CCCCCC1 | CNC(=O)c1cc(NC(=O)[C@H](C)[NH+]2CCCCCC2)ccc1F
942,10093,ring_O,0.9,3.541633873760428,"[#6]-,:[#6](-[#8]-[#6]-[#6])-,:[#6]",6,CC[C@@H](C)c1cc(C(=O)NCCCC[NH+]2C[C@@H](C)O[C@@H](C)C2)on1 | Cc1ncsc1C[NH+]1CCC[C@H]1C[NH+]1C[C@@H](C)O[C@@H](C)C1 | COc1cc(OC)c(NCc2ccccc2N2C[C@H](C)O[C@@H](C)C2)cc1F | CCCOc1ccc(C[NH2+]CCC[NH+]2C[C@@H](C)O[C@@H](C)C2)cc1OC | CC[NH+](C)Cc1cccc(C[NH2+]Cc2ccccc2N2C[C@@H](C)O[C@H](C)C2)c1
362,20479,ester,0.75,9.486465975208702,"[#6]-,:[#6]-,:[#6]-,:[#6]",4,Cc1cc(C[C@@H](C)NC(=O)C[C@H](O)c2ccccc2)n[nH]1 | CCOC(=O)CC[C@@H](C)NC(=O)N1CCC[C@H]1C1CCC1 | CCOC(=O)CC[C@@H](C)NC(=O)c1cnc(-c2ncccn2)s1 | CCOC(=O)C[C@@H](C)CNC(=O)N[C@@H](C)c1ccncc1 | CCOC(=O)CC[C@@H](C)NC(=O)N[C@@H]1CCCC1(C)C
2525,4921,amide,0.85,1.3976585109181794,"[#6]:,-[#6]:,-[#6]:,-[#6]:,-[#6]-,:[#7]:,-[#6]",7,O=C(NCCn1nc(-c2ccco2)ccc1=O)c1cccc(-n2cnnn2)c1 | O=C(Nc1ccc(-n2ccnc2)nc1)C1(c2cccs2)CCCC1 | COC(=O)c1cccc(-n2cccn2)n1 | CC(=O)Nc1ccc(-n2cncn2)cc1 | COCCOCCNC(=O)c1cccc(-n2cnnn2)c1
1772,9548,aniline,0.9,2.4479138334330632,"[#6]-,:[#6]:[#6]:[#6]:[#6]:[#6]",6,Cc1c(Cl)cccc1NCC(=O)NC1CCCCCC1 | CCCCOc1ccc(OC)cc1NS(=O)(=O)c1cnn(CC)c1 | Cc1ccc(F)cc1NCC(=O)Nc1cc(Cl)ccc1F | Cc1c(F)cccc1NC(=O)Nc1ccccc1Cl | Cc1c(F)cccc1NC(=O)OCc1ccccc1
1995,6888,carbonyl_any,1.0,1.4566642388929352,"[#6](:,-[#6]:,-[#6]):,-[#6]:,-[#6]-,:[#7]",6,O=C([O-])c1ccc(NS(=O)(=O)c2cc(F)ccc2F)cc1 | O=C([O-])c1ccc(NC(=O)c2ccc(C(=O)Nc3ccc(C(=O)[O-])cc3)cc2)cc1 | O=C([O-])c1ccc(NC(=O)c2cc3cc(Br)ccc3oc2=O)cc1 | O=C([O-])c1ccc(CNCc2ccccc2F)cc1 | O=C([O-])c1ccn(-c2ccc(Cl)cc2)n1
685,5722,sulfonamide,0.7,9.523809523809524,"[#6](-,:[#6]:,-[#6]):,-[#7]:,-[#6]",5,CCOCC(=O)OCc1nc2ccccc2s1 | NS(=O)(=O)N1CCN(c2nc3ccccc3o2)CC1 | CCS(=O)(=O)N1CCC(c2nnc(CN3CCCC3)n2C2CC2)CC1 | CS(=O)(=O)N1CCC(CNCc2nc3c(s2)CCC3)CC1 | CC(=O)Nc1ccccc1OCCc1ccc(OC(F)(F)F)cc1
2468,5701,halogen_any,0.75,2.2734161867232494,"[#6]:,-[#6]:,-[#6]:,-[#6]-,:[#6]-,:[#7]-,:[#6]",7,[O-]c1c(Cl)cc(Cl)cc1CN1CCN(c2ccccc2F)CC1 | [O-]c1ccccc1-c1nc(-c2cc(Cl)sc2Cl)cs1 | [O-]c1c(F)cc(C[NH2+]Cc2ccco2)cc1F | [O-]c1ccc(CNC[C@@H]2CCN(CC(F)(F)F)C2)[nH+]c1 | [O-]c1nc(SCc2ccccc2Cl)nc([O-])c1-c1ccccc1
882,1933,aliphatic_ring,0.95,1.4952623791985393,"[#6](-,:[#6]-,:[#6])-,:[#6]-,:[#7]-,:[#6]-,:[#6]",7,C[C@H]1CC[C@H](C)[NH+]1[C@@H]1CCCN(C(=O)CCC(=O)c2ccc(F)cc2F)C1 | C[NH+]1CCCCC[C@@H]1C(=O)N1CC(=O)N(CC2CCOCC2)C[C@@H](OCc2cc[nH+]cc2)C1 | O=C(/N=c1\[nH]ccs1)[C@@H](c1ccccc1)[NH+]1CCN(c2ncc(C(F)(F)F)cc2Cl)CC1 | O=C(c1cnn(-c2ccccc2F)c1)N1C[C@H]2C[NH+]3CCCC[C@@H]3[C@@H]2C1 | C[C@@H]1CCC[C@H](C)N1C(=O)c1cccc(N2C(=O)C(C)(C)CS2(=O)=O)c1
1174,1824,ring_N,1.0,1.267941370391033,"[#6]-,:[#6]:,-[#6]:,-[#7]:,-[#6]:,-[#6]",6,CCC(CC)(CC)Nc1cncc(C(=O)OC)n1 | O=C([O-])Cc1cncc(F)c1 | Cc1cc(Cl)ccc1Oc1cncc(CN)n1 | O=C([O-])c1cncc(Cc2nccs2)c1 | COCCN1CCC[C@H]1CNc1cncc(C(N)=O)n1
1858,4084,benzene,0.95,1.2930447801823872,"[#7](-[#6]-[#6])-[#6]-[#6]:,-[#6]:,-[#6]",7,CN(CCCOc1ccc(F)cc1)Cc1ccc(Cl)nc1 | CN(Cc1ccccc1N1CCCC1)C(=O)Cc1nn(C)c(=O)c2ccccc12 | CCN(Cc1ccccc1)C(=O)[C@H](C)Sc1nnc(-c2ccc(Cl)cc2)o1 | CCN(Cc1ccc(OC)cc1)C(=O)NCc1c(C)nn(CC)c1C | CN(CCOCc1ccccc1)Cc1ccn[nH]1
1376,1415,pyridine,1.0,5.947424765076722,"[#6]1:,-[#7]:,-[#6]:,-[#6]:,-[#6]:,-[#6]:,-1",6,C[C@H](NC(=O)c1cccs1)C(=O)OCCNc1ncccc1C#N | Cc1ccoc1[C@@H](C)NCCNc1ncccc1C(F)(F)F | Cc1cc(CSc2ncccc2C(=O)N2CCN(S(=O)(=O)Cc3ccccc3)CC2)no1 | CN(CCOCC1CC1)c1ncccc1CN | COc1cc(Nc2ncccc2S(=O)(=O)Nc2ccc(C)c(C)c2)cc(OC)c1OC
622,5714,aliphatic_ring,0.85,1.3378663392829035,"[#6]-,:[#7]-,:[#6]-,:[#6]:,-[#6]:,-[#6]:,-[#6]",7,Cc1cc(C)cc(C2=CC[NH+]([C@@H](C)c3nc4ccccc4c(=O)[nH]3)CC2)c1 | C[C@H]1OCC[C@H]1[C@H]([NH3+])c1cc2[nH]c(=O)[nH]c2cc1Br | COc1ccc([C@@H]2C(C(N)=O)=C(N)Oc3[nH]c(=O)[nH]c(=O)c32)cc1OC | COC(=O)N1CC[C@H](N[C@H](C)c2ccc3[nH]c(=O)[nH]c3c2)C1 | CO[C@@H]1C[C@H](C(=O)[O-])N(C(=O)c2ccc(=O)[nH]n2)C1
